1001020100,9817812,32.4819591,-86.4913377
1001020200,3325679,32.475758,-86.4724678
1001020300,5349273,32.4740243,-86.4597033
1001020400,6384276,32.4710304,-86.4448353
1001020500,11408873,32.4589224,-86.4218265
1001020600,8041603,32.4473511,-86.4768097
1001020700,22410603,32.4304049,-86.4370495
1001020801,124272666,32.4180817,-86.5271377
1001020802,190815280,32.5467483,-86.5315257
1001020900,292756921,32.6385222,-86.5148731
1001021000,386871321,32.6061376,-86.7489849
1001021100,478160386,32.4574129,-86.7290029
1003010100,971508054,31.1104762,-87.7868713
1003010200,221951031,30.9478929,-87.6787306
1003010300,343023505,30.8412001,-87.8786378
1003010400,737515790,30.7200267,-87.6245437
1003010500,17224987,30.8969612,-87.7737368
1003010600,18576716,30.8531544,-87.7701913
1003010701,109391911,30.7174494,-87.9529225
1003010703,144017558,30.6478335,-87.8437739
1003010704,8406893,30.6477601,-87.8838007
1003010705,17438843,30.6604947,-87.9557115
1003010800,18088522,30.5939161,-87.9006394
1003010903,55584945,30.6114771,-87.7725676
1003010904,276118423,30.5640707,-87.5731188
1003010905,71113245,30.5345606,-87.7548736
1003010906,39371386,30.5641292,-87.6870074
1003011000,130443838,30.4896994,-87.6767299
1003011101,33692070,30.5190072,-87.8386361
1003011102,44204177,30.4799296,-87.8330813
1003011201,12405970,30.5408065,-87.891618
1003011202,13549601,30.5045598,-87.9113607
1003011300,66667958,30.4293701,-87.8782358
1003011401,164753233,30.3802759,-87.7703177
1003011403,85197894,30.3194974,-87.6627032
1003011405,15493609,30.3005856,-87.5417985
1003011406,34152950,30.2696285,-87.637277
1003011407,33727139,30.2501898,-87.7779445
1003011408,27441423,30.2375544,-87.9238804
1003011501,38605071,30.4324484,-87.6790139
1003011502,51914690,30.3798842,-87.6650569
1003011601,234549642,30.4082096,-87.5555847
1003011602,81474773,30.4111645,-87.4511185
1003990000,0,30.3288041,-87.8829754
1005950100,485234216,32.0353533,-85.2477678
1005950200,517006042,31.9222753,-85.4498309
1005950300,352796709,31.7908933,-85.5670514
1005950400,343319538,31.6794432,-85.5577196
1005950500,333700201,31.7634183,-85.2718649
1005950600,101691408,31.8783526,-85.2729215
1005950700,127211867,31.9440855,-85.2620842
1005950800,14792104,31.9203546,-85.1756308
1005950900,16392571,31.8559766,-85.1513159
1007010001,235687670,33.0791483,-87.1730915
1007010002,180622268,33.1824189,-87.0823493
1007010003,691663000,32.9533249,-87.0043466
1007010004,504192825,32.9480029,-87.2803484
1009050101,215161720,33.8723927,-86.4590322
1009050102,184791768,33.9543002,-86.4647758
1009050200,116476801,33.9974352,-86.544238
1009050300,189897979,34.076531,-86.3904992
1009050400,245105145,34.1660342,-86.4971736
1009050500,249218476,34.0336235,-86.6373178
1009050601,83839415,33.8702666,-86.8934341
1009050602,181871538,33.9036637,-86.7813122
1009050700,203716623,33.8405764,-86.6350183
1011952100,428206376,32.1157274,-85.5267341
1011952200,398517922,32.1567022,-85.7015322
1011952500,786334870,32.0821273,-85.8274935
1013952700,133820617,31.8946556,-86.5914052
1013952800,3450119,31.8377094,-86.6283263
1013952900,57438546,31.848335,-86.6763245
1013953000,441481307,31.8617983,-86.7608112
1013953100,32200061,31.7967889,-86.6542667
1013953200,478685847,31.7820079,-86.5213679
1013953300,352261686,31.7163243,-86.7533225
1013953400,248297926,31.6017378,-86.8165798
1013953500,264349349,31.575083,-86.6086952
1015000200,6797926,33.6737773,-85.816573
1015000300,2620902,33.6759496,-85.8313606
1015000400,10127791,33.6821954,-85.8690969
1015000500,2348362,33.6626416,-85.8451905
1015000600,6843727,33.6420342,-85.8411084
1015000700,45796287,33.7077552,-85.7919275
1015000800,3645871,33.6454711,-85.8270598
1015000900,12115502,33.6448084,-85.796557
1015001000,16676173,33.6345617,-85.7901308
1015001100,48624619,33.5900442,-85.788631
1015001201,7321574,33.6094979,-85.8477704
1015001202,23482259,33.6105379,-85.8767597
1015001300,5826482,33.6445961,-85.8731746
1015001400,21093279,33.6599004,-85.8895413
1015001500,54130451,33.6132515,-85.9253597
1015001600,14103441,33.6982001,-85.8638225
1015001700,18681006,33.7278369,-85.8444202
1015001800,41130545,33.7661796,-85.7864612
1015002000,239320471,33.7382668,-85.6812934
1015002101,13690925,33.8370587,-85.7727796
1015002102,20727865,33.8356199,-85.7382888
1015002103,25195298,33.7968202,-85.7593266
1015002200,87901995,33.8952637,-85.5983598
1015002300,88508268,33.9376551,-85.6715535
1015002400,124530987,33.8750936,-85.7793152
1015002501,97393387,33.7837754,-85.9002899
1015002502,164017466,33.8908485,-85.8860424
1015002600,177662620,33.7687621,-86.0372827
1015981901,63116598,33.6467452,-85.9690161
1015981902,89734615,33.7188196,-85.9523544
1015981903,36077386,33.707242,-85.7503094
1017953800,515710515,33.026017,-85.3896607
1017953900,98363460,32.9119527,-85.2738384
1017954000,676113225,32.8660782,-85.4616055
1017954200,62922273,32.8341425,-85.2678528
1017954300,132648623,32.7766468,-85.2734917
1017954400,4542598,32.8472614,-85.197211
1017954500,6981344,32.8579653,-85.206711
1017954600,9687817,32.8362813,-85.1725763
1017954700,38039267,32.7702191,-85.1744682
1019955701,104422586,34.2288947,-85.5178621
1019955702,352908372,34.3569596,-85.5688477
1019955800,233690571,34.1991534,-85.7578347
1019955900,307969506,34.0328522,-85.6828498
1019956000,62193017,34.1660879,-85.6541706
1019956100,373044701,34.0861716,-85.5068892
1021060101,55899113,32.8154498,-86.6415349
1021060102,64410621,32.8695805,-86.6588881
1021060200,98562629,32.8587949,-86.5491633
1021060300,272143792,32.9709197,-86.6061792
1021060401,91217040,32.9251623,-86.7276967
1021060402,243990814,32.9966529,-86.8091849
1021060500,451111255,32.7689869,-86.8954642
1021060600,260736774,32.7727303,-86.7363808
1021060700,256406867,32.7592425,-86.5260002
1023956700,577250755,32.2741758,-88.2150406
1023956800,752735194,32.0656633,-88.2128479
1023956900,578505467,31.9275928,-88.3326295
1023957000,457378421,31.759107,-88.3016638
1025957500,249009561,31.7929013,-87.6425154
1025957601,489622524,31.8884818,-87.8913637
1025957602,193355459,31.9125392,-87.6953045
1025957700,370157634,31.8391651,-88.0579345
1025957800,832713964,31.6170174,-87.6979772
1025957901,375911468,31.6379289,-87.9598566
1025957902,107835702,31.5011616,-87.8723338
1025958001,141696668,31.5580789,-87.7826847
1025958002,447191123,31.3573817,-87.8407503
1027958900,513046073,33.3872783,-85.7690615
1027959000,179658299,33.3093759,-85.8820883
1027959100,383023987,33.1785156,-85.7815679
1027959200,488525154,33.1775316,-86.0216103
1029959500,491578073,33.8207588,-85.4723231
1029959600,243826725,33.6989979,-85.5727972
1029959700,418895166,33.5592943,-85.6428256
1029959800,296363974,33.5729827,-85.396107
1031010100,242947838,31.5629467,-86.0563149
1031010200,208317549,31.5375844,-85.8984006
1031010300,292443564,31.423448,-85.8694559
1031010400,210300269,31.4002823,-86.0255683
1031010500,200766696,31.4362328,-86.1524046
1031010600,128037014,31.2721909,-86.1506243
1031010700,213566268,31.2554712,-86.0287941
1031010800,137054189,31.2356937,-85.865921
1031010900,20262672,31.2871193,-85.8740034
1031011000,28682249,31.3162265,-85.8919944
1031011100,3324444,31.3269269,-85.85246
1031011201,40741986,31.3627415,-85.8358304
1031011202,12470132,31.3284272,-85.8088979
1031011300,19651057,31.3015906,-85.8230693
1033020100,4436858,34.7708294,-87.6799629
1033020200,2162421,34.7673058,-87.7014485
1033020300,5187820,34.7529158,-87.6979348
1033020400,5259731,34.7403319,-87.7337767
1033020500,23612762,34.7223356,-87.723752
1033020600,9861509,34.7189442,-87.678307
1033020701,112829659,34.724125,-87.6265093
1033020703,8140717,34.7471222,-87.6398474
1033020704,7269532,34.7443268,-87.6663059
1033020801,118960524,34.774634,-87.5053473
1033020802,215241009,34.6517771,-87.5574265
1033020901,133035331,34.6133167,-87.6919752
1033020902,259170485,34.6686652,-87.822804
1033021000,629707105,34.722246,-88.0128081
1035960200,564077580,31.5914065,-87.0035478
1035960300,391518629,31.3565756,-87.2429431
1035960400,480256659,31.3411108,-87.0387457
1035960500,90918085,31.4626914,-86.9984985
1035960600,675177665,31.3854843,-86.8079409
1037961000,251399771,32.9929287,-86.0738794
1037961100,784578042,33.0033478,-86.3347023
1037961200,649873003,32.8242614,-86.2061986
1039961600,359705709,31.4420655,-86.3998913
1039961700,503785825,31.3784363,-86.614981
1039961800,44040867,31.2633807,-86.5060383
1039961900,41424212,31.2678586,-86.464008
1039962000,49939203,31.3443958,-86.463852
1039962100,15438185,31.326445,-86.507274
1039962300,278900553,31.2543283,-86.3833989
1039962400,154675219,31.3570171,-86.2401037
1039962500,12519983,31.2943394,-86.2747847
1039962600,11924606,31.2704259,-86.2808757
1039962700,13043692,31.2623289,-86.237672
1039962800,249817357,31.1810184,-86.2787253
1039962900,530483090,31.1195838,-86.5873825
1039963000,403172624,31.0547438,-86.3533826
1041963400,238913959,31.8887493,-86.2624781
1041963500,226396763,31.949642,-86.3651124
1041963600,374196561,31.7244285,-86.3608435
1041963700,257678867,31.7245275,-86.2287512
1041963800,273690133,31.5490602,-86.3757467
1041963900,206076543,31.5438667,-86.2127555
1043964100,147092909,34.261634,-86.5683109
1043964200,154228960,34.2368309,-86.7301827
1043964300,89845265,34.2715006,-86.8345066
1043964400,76624313,34.2685695,-86.9423802
1043964500,215915498,34.2161793,-87.0707282
1043964600,132823980,34.1589207,-86.9571734
1043964700,70878393,34.1565069,-86.8940425
1043964800,9392940,34.1871901,-86.863096
1043964900,47498424,34.2012855,-86.8254882
1043965000,23448096,34.1526891,-86.8387271
1043965100,54263108,34.117682,-86.7963608
1043965200,55706972,34.1363772,-86.7303636
1043965300,140130134,34.1560361,-86.6369887
1043965401,63475847,34.0726463,-86.809083
1043965402,125548280,33.9980376,-86.7870539
1043965500,187300650,34.0103921,-86.9102548
1043965600,113647773,34.0569478,-87.0551553
1043965700,195249166,33.9216781,-87.0105855
1045020000,172541135,31.4097368,-85.7458071
1045020100,364558357,31.5551176,-85.6558628
1045020200,247187651,31.4900042,-85.4625148
1045020300,111120319,31.4380274,-85.5632565
1045020400,61942691,31.4832495,-85.6497214
1045020500,11198910,31.4511128,-85.61848
1045020700,12061604,31.4434702,-85.641292
1045020801,19261325,31.3971437,-85.6615959
1045020802,36100725,31.4149425,-85.6413488
1045021101,34007690,31.3169075,-85.7680976
1045021102,22944527,31.3023689,-85.7058678
1045021200,100625860,31.242794,-85.7372838
1045021300,148232439,31.3062671,-85.574751
1045021400,111527798,31.3374977,-85.4657416
1047956100,318095962,32.4934988,-86.9338988
1047956201,125408003,32.405409,-87.1179381
1047956202,182237800,32.5526588,-87.0352646
1047956300,17558229,32.4484185,-87.0509577
1047956400,4118565,32.4281765,-87.0154779
1047956500,6793768,32.4124123,-87.0002305
1047956600,2711946,32.4157042,-87.0280529
1047956701,7309480,32.405323,-87.0713872
1047956702,6344710,32.3983329,-87.0514311
1047956800,9281004,32.4240901,-87.0568535
1047956900,541139544,32.3256691,-87.2191795
1047957000,901386776,32.3716856,-87.489463
1047957100,205066676,32.2716452,-87.0225361
1047957200,34291179,32.3660372,-87.026282
1047957300,173119839,32.3277469,-86.8942838
1049960100,202886500,34.7293415,-85.6367091
1049960200,114220593,34.6232169,-85.7206864
1049960300,108426407,34.5326223,-85.8630796
1049960400,137322476,34.5023269,-85.7969031
1049960500,214250230,34.4340842,-85.9687233
1049960600,214372497,34.351836,-86.0016653
1049960700,151362799,34.2571822,-86.025488
1049960800,206883679,34.2327847,-85.9017665
1049960900,131984253,34.3594477,-85.8011776
1049961000,116759406,34.3660315,-85.6964687
1049961100,33990000,34.4600937,-85.7455601
1049961200,43814191,34.5065741,-85.6996965
1049961300,91242398,34.4574952,-85.635214
1049961400,245161047,34.606839,-85.5865416
1051030100,164618983,32.6407113,-86.3461475
1051030200,280823004,32.6948549,-86.2223176
1051030300,119787951,32.7113079,-85.9664412
1051030400,316880343,32.5120194,-85.9858819
1051030500,165329870,32.6328834,-86.0345965
1051030600,130885525,32.6093801,-86.1710298
1051030701,92631494,32.4638208,-86.1311314
1051030702,105729156,32.5201384,-86.1722101
1051030800,53930682,32.5610711,-86.2497127
1051030901,27113888,32.5445588,-86.3772569
1051030902,28518411,32.552526,-86.3263182
1051031000,23525817,32.4977055,-86.3883595
1051031100,10553118,32.5107959,-86.3562804
1051031200,49482635,32.4900075,-86.3162643
1051031300,31951247,32.449186,-86.3730508
1053969800,944015885,31.0992573,-86.9105903
1053969900,309538786,31.1222867,-87.1684097
1053970100,105302068,31.190044,-87.0635248
1053970200,8730944,31.1141587,-87.0634825
1053970300,331588165,31.1086274,-87.2794732
1053970400,454498017,31.1860534,-87.4694458
1053970500,169017396,31.0717073,-87.4897027
1053970600,85453241,31.0580994,-87.4085812
1053970700,39677802,31.015424,-87.4360376
1055000200,13642492,34.032163,-85.9730639
1055000300,4089843,34.029813,-86.0063235
1055000400,22468025,34.0476407,-86.0342629
1055000500,3038867,34.0303592,-86.0473364
1055000600,2350551,34.0157287,-86.0608636
1055000700,1345831,34.0237151,-86.0392603
1055000800,1898942,34.020356,-86.0241981
1055000900,11933262,34.0003469,-86.0427603
1055001000,1624487,34.0097578,-86.0234006
1055001100,21406627,33.9569465,-85.9968726
1055001200,4326584,33.9993815,-86.010319
1055001300,4954380,34.0078782,-85.9865947
1055001600,10464679,33.9780622,-85.9775275
1055001700,9118881,33.9825311,-85.9518384
1055010100,32573516,34.0640541,-86.0662172
1055010200,28328599,34.0013852,-86.106211
1055010300,108586355,34.0151964,-86.146999
1055010401,7358690,33.9640619,-86.041835
1055010402,82753367,33.9271493,-86.0951134
1055010501,50219122,33.8992688,-86.0295803
1055010502,57350609,33.918413,-85.9183325
1055010601,39709311,33.9995288,-85.9309289
1055010602,165418341,34.0230458,-85.801481
1055010700,87404332,34.0726595,-85.8991944
1055010800,130921740,34.1340462,-85.9199355
1055010900,95629504,34.1470152,-86.0149509
1055011001,87193487,34.153675,-86.078339
1055011002,92442954,34.1197093,-86.1655105
1055011100,205444749,34.0544877,-86.2584549
1055011200,2384912,34.0013946,-85.9674865
1057020000,311521598,33.8171345,-87.6438256
1057020100,368375841,33.8520677,-87.8328082
1057020200,154826384,33.7012455,-87.8909439
1057020300,363272123,33.6063714,-87.811949
1057020400,427697334,33.6476543,-87.6143541
1059972900,159989542,34.5219056,-87.6206134
1059973000,23064771,34.5485377,-87.7171068
1059973100,303227741,34.4906938,-87.8584091
1059973200,28670076,34.5125993,-87.7533372
1059973300,166454942,34.4374182,-87.6312043
1059973400,191328613,34.5152306,-88.0797797
1059973500,145983456,34.439224,-88.0399601
1059973600,272151039,34.3823178,-88.0065912
1059973700,350969796,34.3563851,-87.6967062
1061050100,431951066,31.0847817,-86.0861751
1061050200,218625842,31.1444677,-85.8889331
1061050300,145493056,31.0502145,-85.9090579
1061050400,340436366,31.0696505,-85.7368633
1061050500,188005843,31.1232526,-85.6085218
1061050600,163358693,31.0860719,-85.5280322
1063060000,602520298,32.9585581,-88.0510053
1063060100,502436744,32.8913001,-87.871108
1063060200,570825021,32.6861323,-87.9472665
1065040000,344305041,32.9331144,-87.55181
1065040100,248617866,32.8612587,-87.6980338
1065040200,287711704,32.7781709,-87.5298175
1065040300,266013942,32.7356062,-87.7414159
1065040400,228208185,32.6514361,-87.6504698
1065040500,293050369,32.5434531,-87.6369956
1067030100,357850825,31.6081908,-85.3353679
1067030200,89697701,31.564689,-85.2591239
1067030300,338004379,31.6127173,-85.1367411
1067030400,196413430,31.4461219,-85.3319755
1067030500,160668038,31.3535019,-85.316134
1067030600,312292242,31.4041289,-85.1458453
1069040100,137911853,31.2347868,-85.5932271
1069040201,18436602,31.2197084,-85.4664143
1069040202,26418694,31.255322,-85.4615394
1069040301,6423753,31.2531877,-85.413417
1069040302,10074920,31.2755021,-85.4348261
1069040400,4123213,31.2357975,-85.4197082
1069040500,4335935,31.2200822,-85.4193412
1069040600,2632242,31.2280966,-85.3990396
1069040700,2321348,31.2080051,-85.4121232
1069040800,51267491,31.1644104,-85.4246652
1069040900,26153851,31.1821873,-85.3530798
1069041000,5382696,31.2083512,-85.3754388
1069041100,8032064,31.1906255,-85.3953411
1069041200,2214171,31.2153284,-85.3928209
1069041400,15035692,31.2388805,-85.3512421
1069041500,44223957,31.2771397,-85.3841392
1069041600,142943523,31.268835,-85.2759901
1069041700,112833272,31.2437696,-85.1548355
1069041800,306360668,31.0607041,-85.1207652
1069041900,179170107,31.1644974,-85.24685
1069042000,204173022,31.0704936,-85.3000476
1069042100,191338030,31.0744338,-85.4260928
1071950100,348606443,34.8513417,-85.7000137
1071950200,92954151,34.9652858,-85.7774478
1071950300,555536629,34.8863961,-85.9296764
1071950400,552107693,34.8787834,-86.2279366
1071950500,258614438,34.678558,-86.2570617
1071950600,277859523,34.7615424,-86.0476066
1071950700,137935038,34.6054606,-86.1376597
1071950800,11326766,34.6633708,-86.035831
1071950900,75593627,34.659097,-85.9741295
1071951000,197633011,34.7011992,-85.8145736
1071951100,283806768,34.5699175,-85.9716149
1073000100,7549578,33.5797341,-86.7230133
1073000300,2090371,33.5428262,-86.7524389
1073000400,8000245,33.5632436,-86.7640499
1073000500,4819145,33.5442405,-86.7749128
1073000700,3520564,33.5525405,-86.8016893
1073000800,9988317,33.5498596,-86.8329901
1073001100,11393802,33.5423337,-86.8765161
1073001200,8548576,33.5253959,-86.8656989
1073001400,2241302,33.5261497,-86.8351469
1073001500,1903841,33.5298726,-86.8197193
1073001600,2645532,33.5372993,-86.8036592
1073001902,3341543,33.553205,-86.7429805
1073002000,3605024,33.5591908,-86.7233518
1073002100,2746967,33.5650007,-86.7101042
1073002200,1884666,33.5521302,-86.727676
1073002303,3207400,33.538317,-86.7270425
1073002305,2148972,33.5333484,-86.7479501
1073002306,4736337,33.5230233,-86.7457554
1073002400,8336569,33.5260787,-86.7830322
1073002700,4459953,33.5176007,-86.8106889
1073002900,2334504,33.5132498,-86.8300472
1073003001,2440165,33.5125166,-86.8577288
1073003002,1778286,33.5122579,-86.8441439
1073003100,2247405,33.5059585,-86.8745531
1073003200,1158192,33.5094019,-86.8859084
1073003300,1996227,33.5171902,-86.891305
1073003400,2048616,33.5052228,-86.9014846
1073003500,7394813,33.5056238,-86.924273
1073003600,2318643,33.4847716,-86.8981438
1073003700,2416628,33.4969071,-86.8907612
1073003802,3245069,33.4785703,-86.8900019
1073003803,2707557,33.4859674,-86.8696955
1073003900,2232850,33.498997,-86.8647433
1073004000,2358338,33.4953226,-86.8515883
1073004200,3056205,33.5007439,-86.8270718
1073004500,3020204,33.5041857,-86.8033802
1073004701,1131577,33.5075462,-86.783641
1073004702,2537862,33.5108857,-86.7744334
1073004800,1253859,33.4989064,-86.7826992
1073004901,964655,33.4971397,-86.7917561
1073004902,1118365,33.4936245,-86.8010727
1073005000,2422849,33.4866689,-86.8173266
1073005101,743009,33.4945909,-86.834764
1073005103,1738958,33.4857148,-86.8327819
1073005104,1811281,33.4724964,-86.8346992
1073005200,4595598,33.4806707,-86.8508677
1073005302,5025529,33.5766632,-86.6965072
1073005500,8684870,33.5677705,-86.802822
1073005600,4328712,33.5207003,-86.7258937
1073005701,3264675,33.4628052,-86.8901337
1073005702,2791815,33.469869,-86.8742909
1073005800,2563042,33.4776545,-86.8147573
1073005903,7957138,33.596713,-86.6763136
1073005905,5486712,33.604549,-86.7006686
1073005907,2171500,33.614611,-86.6690122
1073005908,2938829,33.6222102,-86.6790265
1073005909,4495287,33.6119444,-86.7208565
1073005910,7282139,33.6294784,-86.7180087
1073010001,11095722,33.4525443,-87.0036731
1073010002,8916328,33.4255391,-86.9915436
1073010100,2409901,33.4167374,-86.9517396
1073010200,3670839,33.4009043,-86.9633713
1073010301,2076635,33.3914623,-86.9487605
1073010302,5262181,33.4095971,-86.937873
1073010401,3977064,33.3814403,-86.960265
1073010402,2410933,33.3849099,-86.9783163
1073010500,3502274,33.4295731,-86.9179464
1073010602,5945649,33.4817033,-86.9143356
1073010603,1749166,33.46639,-86.9228065
1073010701,960026,33.4777026,-86.8080481
1073010702,3153843,33.4767093,-86.7949468
1073010703,2016525,33.475966,-86.7786575
1073010704,3294967,33.4613607,-86.8005817
1073010705,2150206,33.465675,-86.8124562
1073010706,7462744,33.4502957,-86.8337693
1073010801,5020099,33.4947146,-86.7636042
1073010802,5588492,33.4869177,-86.7636484
1073010803,8571596,33.5124499,-86.7174833
1073010804,7014292,33.4758079,-86.7445165
1073010805,20753204,33.5026862,-86.6977468
1073010900,5539257,33.5796127,-86.7705053
1073011001,18767359,33.5381484,-86.5504521
1073011002,12786475,33.5565279,-86.5621484
1073011104,13810373,33.6373216,-86.6374915
1073011107,60632341,33.6062979,-86.5848428
1073011108,9165190,33.6167207,-86.626936
1073011109,17073582,33.6480151,-86.5814435
1073011110,40236897,33.7258147,-86.5900686
1073011111,56723387,33.6817059,-86.5681133
1073011205,9555033,33.689465,-86.6649581
1073011206,53207820,33.7408881,-86.6500037
1073011207,5417103,33.6632243,-86.6739866
1073011208,7511057,33.6691522,-86.6511913
1073011209,4209291,33.6552379,-86.6996956
1073011210,9005316,33.6689263,-86.7041593
1073011301,62639684,33.7654904,-86.7187314
1073011302,51374540,33.7826093,-86.7857118
1073011400,113227670,33.825379,-86.882126
1073011500,91988016,33.727028,-86.9970495
1073011600,105771175,33.6819146,-86.9203958
1073011703,30515741,33.647877,-86.8374347
1073011704,66974062,33.7243817,-86.8487305
1073011705,40126664,33.6758191,-86.7966648
1073011706,62029193,33.6982923,-86.7506141
1073011802,5861240,33.6423842,-86.6690445
1073011803,3942609,33.6290943,-86.6950595
1073011804,2990955,33.6453495,-86.6958458
1073011901,30230864,33.6254777,-86.763284
1073011904,10728637,33.593851,-86.7426416
1073012001,36677340,33.5983353,-86.8789065
1073012002,31866433,33.5971969,-86.8238768
1073012103,28973470,33.619022,-86.9450561
1073012104,57267588,33.6350049,-86.9946308
1073012200,115177870,33.5796604,-87.1460261
1073012302,168949312,33.5453628,-87.0804358
1073012304,7543140,33.5046189,-86.9613078
1073012305,15703627,33.4820182,-86.9861782
1073012401,4751674,33.5645668,-86.8852291
1073012402,13228453,33.5608916,-86.9133529
1073012403,30938755,33.5764455,-86.9673879
1073012500,30716521,33.5365341,-86.9527786
1073012602,21081460,33.5657458,-86.6703475
1073012701,26553173,33.5445586,-86.6466397
1073012703,30922645,33.4682585,-86.6906877
1073012704,45830649,33.5064182,-86.6100464
1073012802,2871827,33.4582893,-86.7384274
1073012803,7966231,33.4584728,-86.7173188
1073012905,7586842,33.453769,-86.77445
1073012906,7249848,33.4205046,-86.7859249
1073012907,7114398,33.400052,-86.7699622
1073012908,3812088,33.3987654,-86.7986112
1073012910,6387492,33.4280211,-86.7321204
1073012911,12427225,33.436087,-86.7562259
1073012912,2081610,33.3828495,-86.7942415
1073012913,3055275,33.373383,-86.7897271
1073012914,2919928,33.4534593,-86.7958983
1073012915,5687967,33.4301948,-86.7978962
1073013002,2304619,33.4660419,-86.8567292
1073013100,6030212,33.4480927,-86.8892602
1073013200,3391743,33.457298,-86.9095013
1073013300,4810453,33.4366738,-86.9292207
1073013400,5007109,33.4590854,-86.9370635
1073013601,3958387,33.441398,-86.9424595
1073013801,9189941,33.4247167,-86.9669556
1073013901,11741691,33.475428,-86.9481953
1073013902,4767115,33.4436893,-86.975733
1073014001,47459910,33.4697595,-87.0602725
1073014002,36821618,33.4098229,-87.0413941
1073014102,355940839,33.3898098,-87.1810119
1073014104,46228526,33.3456323,-87.0413622
1073014105,11023042,33.3541404,-86.9951242
1073014203,94360037,33.2874081,-87.0030024
1073014204,34047381,33.3338629,-86.9127674
1073014301,15638997,33.3512428,-86.9599146
1073014302,56086995,33.4074612,-86.8945183
1073014404,5387795,33.4323008,-86.8214328
1073014405,3771162,33.4216894,-86.827354
1073014406,7109734,33.4013725,-86.8278723
1073014408,3239035,33.3718788,-86.811055
1073014409,4358344,33.3928079,-86.8141097
1073014410,12807600,33.350817,-86.8364959
1073014412,4768066,33.403278,-86.8502393
1073014413,18052993,33.3822004,-86.8552686
1075030000,563409088,33.9562697,-88.0885973
1075030100,493059890,33.766138,-88.0979273
1075030200,510075658,33.605968,-88.1006354
1077010100,5115169,34.7958874,-87.6598236
1077010200,3244441,34.784265,-87.6863587
1077010300,2244284,34.7983502,-87.6945772
1077010400,5465780,34.8146901,-87.7000401
1077010600,1965709,34.8103953,-87.6709633
1077010700,3692808,34.8083861,-87.6481648
1077010800,8654932,34.8120194,-87.6244223
1077010900,9853388,34.8330772,-87.6519647
1077011000,5022545,34.8299876,-87.6818402
1077011101,20666154,34.8645495,-87.7118869
1077011102,6449943,34.8553216,-87.6852877
1077011200,253117374,34.8252401,-87.8121209
1077011300,310182382,34.9389377,-88.0139285
1077011400,216680346,34.9480952,-87.7848039
1077011501,38545357,34.8490491,-87.6118126
1077011502,138339237,34.9295054,-87.63545
1077011602,123190008,34.9616163,-87.5143563
1077011603,69051810,34.9038867,-87.5229137
1077011604,74768183,34.8504713,-87.4793577
1077011700,139260016,34.9230399,-87.3958449
1077011801,218944077,34.9221539,-87.2823181
1077011802,76289015,34.8122679,-87.3043693
1079979100,162696722,34.6677546,-87.1827972
1079979200,306207530,34.6941075,-87.3401397
1079979300,226968592,34.5666247,-87.418451
1079979400,86891632,34.4823369,-87.2566042
1079979500,117631616,34.57105,-87.2129882
1079979600,78403405,34.5195819,-87.151801
1079979700,201334159,34.382723,-87.1521054
1079979800,247333587,34.4238653,-87.3124431
1079979900,361391964,34.4039525,-87.4562458
1081040200,6212554,32.6113816,-85.4521355
1081040300,1749362,32.6017297,-85.4670439
1081040400,8346227,32.5848885,-85.4806812
1081040500,40113932,32.552509,-85.4903253
1081040602,14401198,32.6168848,-85.5209854
1081040603,2907181,32.598547,-85.5163458
1081040604,22845738,32.5689708,-85.529708
1081040700,5768508,32.5955157,-85.4933037
1081040800,802183,32.6077062,-85.4947171
1081040901,10842662,32.6397559,-85.4753422
1081040902,4138345,32.6207235,-85.468112
1081041000,347890057,32.6545522,-85.5815264
1081041100,44802664,32.6533966,-85.4273371
1081041200,47991758,32.7027529,-85.3847912
1081041300,4807258,32.6484083,-85.3920958
1081041400,4310720,32.6330378,-85.3853644
1081041600,8477981,32.6526724,-85.3609755
1081041700,134223282,32.6314014,-85.3521001
1081041800,182244645,32.6787257,-85.2366413
1081041900,253791813,32.5985333,-85.1564072
1081042002,27432366,32.5241223,-85.050952
1081042003,20553285,32.4847519,-85.1410687
1081042004,17197269,32.4909928,-85.0875934
1081042005,13561482,32.5103603,-85.1185683
1081042006,10002007,32.5265476,-85.1024457
1081042101,165533179,32.4970769,-85.4025028
1081042102,172602445,32.5196744,-85.282319
1083020101,82446940,34.8681621,-86.8659585
1083020102,97421390,34.9437154,-86.8420102
1083020201,51761174,34.8537218,-86.9901123
1083020202,171352628,34.9326041,-86.9769708
1083020300,240184496,34.9219676,-87.1401326
1083020401,155709943,34.795563,-87.1461015
1083020402,69762154,34.8001139,-87.05062
1083020500,4698718,34.8025463,-86.9899793
1083020600,10366473,34.8220771,-86.9813141
1083020700,9229771,34.8210009,-86.9505167
1083020801,63942115,34.8271664,-86.8441537
1083020802,56694325,34.7766286,-86.8419932
1083020900,15829772,34.7887728,-86.9501638
1083021000,5319899,34.78077,-86.9796351
1083021100,185116661,34.7004788,-86.9927325
1083021200,230441692,34.6474493,-86.8534466
1085780800,401501705,32.187896,-86.4907105
1085781000,569515907,32.2735003,-86.7188488
1085781100,408847614,32.0922981,-86.7776904
1085781200,474336154,32.0180975,-86.6009099
1087231400,243054437,32.4353008,-85.5184758
1087231500,252163960,32.5209035,-85.6837325
1087231601,102157753,32.4264074,-85.8116967
1087231602,64540641,32.3972133,-85.735007
1087231603,79058244,32.4628483,-85.7815478
1087231700,2889367,32.4334728,-85.712429
1087231800,5780009,32.4424696,-85.680103
1087231900,10639748,32.413323,-85.7092982
1087232000,7589251,32.426005,-85.6917046
1087232100,5357837,32.403765,-85.7172586
1087232200,272452657,32.3575498,-85.8947986
1087232300,531117884,32.3127306,-85.6175595
1089000201,7618662,34.7701194,-86.5564723
1089000202,5421123,34.7748838,-86.5765048
1089000301,3746456,34.7832877,-86.5893471
1089000302,3871320,34.7823279,-86.607736
1089000403,36484587,34.8076375,-86.6224547
1089000501,2804806,34.775224,-86.6353458
1089000502,1995500,34.7679304,-86.6346783
1089000503,1686646,34.7628785,-86.628492
1089000601,1538135,34.7538634,-86.6345029
1089000602,1641163,34.7547187,-86.619421
1089000701,2647545,34.7672352,-86.6021901
1089000702,3164264,34.7552435,-86.6030659
1089000901,9706989,34.756743,-86.5465611
1089000902,2261897,34.7450609,-86.5536343
1089001000,2325387,34.7422454,-86.5731181
1089001200,2748253,34.7333085,-86.6065305
1089001301,2365766,34.7415924,-86.637675
1089001302,2398817,34.741946,-86.6199325
1089001401,4432763,34.7379086,-86.6974723
1089001402,20318327,34.7227438,-86.6787178
1089001500,4941604,34.7278559,-86.6288587
1089001700,2120969,34.727319,-86.567377
1089001801,10852825,34.7351055,-86.5436849
1089001901,6274139,34.7096195,-86.5508816
1089001902,12806338,34.682595,-86.5407538
1089001903,4727159,34.6897964,-86.5609191
1089002000,2257781,34.7119195,-86.5826599
1089002100,3381711,34.7175673,-86.6067012
1089002200,1575713,34.7165386,-86.6299005
1089002300,2633779,34.7055173,-86.6182384
1089002400,2624767,34.6875967,-86.6143778
1089002501,5058034,34.7036068,-86.595654
1089002502,5868309,34.67873,-86.592282
1089002600,4129644,34.6915398,-86.5750836
1089002701,3719164,34.6613745,-86.5632511
1089002721,4324953,34.6598278,-86.5473845
1089002722,5721476,34.6536811,-86.5262716
1089002801,7617572,34.6580892,-86.5814504
1089002802,11630987,34.6050882,-86.5713234
1089002911,4981039,34.6366301,-86.5527086
1089002912,4623605,34.6349752,-86.5287759
1089002921,9251324,34.6083688,-86.5565828
1089002922,6624522,34.612801,-86.5329471
1089003000,3973284,34.7526124,-86.5873787
1089003100,4287376,34.7293592,-86.5867817
1089010100,283402533,34.917897,-86.3494794
1089010200,108070781,34.782744,-86.4057661
1089010301,87917963,34.9392227,-86.5836942
1089010302,71137311,34.9504742,-86.5026248
1089010401,75611590,34.9552413,-86.6995229
1089010402,91608051,34.9136861,-86.7204572
1089010501,53174410,34.8413237,-86.7418944
1089010502,39835440,34.8554825,-86.6841193
1089010612,14806802,34.7627454,-86.7550333
1089010621,22190776,34.7950742,-86.6903437
1089010622,21480892,34.760657,-86.6756291
1089010623,12924643,34.7908679,-86.7292721
1089010624,12841275,34.7912574,-86.7652283
1089010701,88103149,34.8667659,-86.5784822
1089010702,35116650,34.8225266,-86.5374333
1089010800,62435571,34.7623828,-86.4951024
1089010901,85046674,34.6893468,-86.4688368
1089010902,84178180,34.6720234,-86.3926688
1089011011,11101757,34.7372858,-86.7646486
1089011012,10621280,34.734455,-86.7326686
1089011013,5003856,34.7128728,-86.7272566
1089011014,10928881,34.7176388,-86.7667595
1089011021,11330917,34.6854417,-86.7645134
1089011022,8932096,34.6955258,-86.7280993
1089011100,156718417,34.6329287,-86.6558424
1089011200,76991566,34.6186949,-86.7541479
1089011300,161260538,34.5605701,-86.4793214
1089011400,118186619,34.5476596,-86.3754059
1091972900,101893177,32.4867532,-87.7839225
1091973000,684614508,32.2755299,-87.8084087
1091973100,624602297,32.3286012,-87.5916737
1091973200,286336269,32.0620795,-87.7277351
1091973300,490024565,32.0848433,-87.9458734
1091973400,342669422,32.4063431,-87.926921
1093964000,269313265,34.2081076,-87.721786
1093964100,225864052,34.262541,-87.8687822
1093964200,272992921,34.2203406,-88.131214
1093964300,229542165,34.1982117,-87.949109
1093964400,327029487,34.0965077,-88.0061138
1093964500,294327441,34.0582476,-87.7221187
1093964600,149093699,33.9867017,-87.9021266
1093964700,154493954,33.9577593,-87.7518284
1095030100,173734872,34.4151633,-86.1603963
1095030201,140557784,34.5246512,-86.2046333
1095030202,205372808,34.4738131,-86.3171423
1095030300,212332533,34.4178011,-86.463898
1095030401,31315434,34.32719,-86.5507765
1095030402,51757471,34.3681883,-86.5296476
1095030500,75997848,34.3314599,-86.4419583
1095030600,98985492,34.2581219,-86.3955886
1095030701,31629144,34.3111094,-86.2759215
1095030702,43573763,34.3505036,-86.2555798
1095030801,38872344,34.2969261,-86.172223
1095030802,52954340,34.2684564,-86.1499051
1095030902,28065964,34.2335015,-86.2206978
1095030903,9177956,34.2805685,-86.2250605
1095030904,47302729,34.2558623,-86.2776418
1095031000,154077580,34.180731,-86.3208524
1095031100,40893726,34.1846602,-86.2118473
1095031200,28926936,34.211084,-86.1353109
1097000200,1993114,30.6911107,-88.0480223
1097000401,1589550,30.6993359,-88.0591706
1097000402,686936,30.703891,-88.0520514
1097000500,2272256,30.7051703,-88.0666709
1097000600,2109019,30.7116246,-88.0764971
1097000701,1276817,30.7128382,-88.0861107
1097000702,1302877,30.7211984,-88.0937856
1097000800,3159736,30.7063416,-88.093464
1097000901,1520924,30.6919908,-88.0738421
1097000902,1124440,30.6834127,-88.0744013
1097000903,744659,30.6773945,-88.0734903
1097001001,1043100,30.6868736,-88.060218
1097001002,1453106,30.6779766,-88.060697
1097001100,1318741,30.6778476,-88.048859
1097001200,25833720,30.6913223,-88.0269464
1097001302,1915704,30.6668655,-88.0633977
1097001400,1737737,30.668198,-88.0769678
1097001501,1208221,30.6551297,-88.0777452
1097001502,848500,30.6568785,-88.0688375
1097001800,5437486,30.5877506,-88.071439
1097001901,5756715,30.5873231,-88.0926583
1097001902,5321434,30.6020753,-88.0987938
1097002000,8833960,30.6162391,-88.1072757
1097002100,4678079,30.6442949,-88.111864
1097002200,2858286,30.6489514,-88.0983592
1097002301,1564129,30.6493976,-88.0924793
1097002302,1734136,30.6524897,-88.0850029
1097002400,2478431,30.6690791,-88.0925582
1097002501,2756231,30.6798293,-88.0933073
1097002502,2342000,30.6922688,-88.0896984
1097002600,3402707,30.7072883,-88.1107462
1097002700,3193386,30.6950269,-88.1140906
1097002800,3446292,30.6825772,-88.114479
1097002900,4373789,30.6666477,-88.1167958
1097003000,9638042,30.6270043,-88.1381664
1097003100,6167571,30.6453523,-88.1427778
1097003202,1799138,30.6555597,-88.1530543
1097003203,2968471,30.6692022,-88.1601469
1097003204,2750101,30.6705566,-88.1369894
1097003205,1936934,30.6610364,-88.1416111
1097003301,2212145,30.6812815,-88.137313
1097003302,5552352,30.6992655,-88.1362176
1097003402,13994872,30.7332348,-88.1390472
1097003404,2486724,30.7156642,-88.1988156
1097003405,2043079,30.714254,-88.1825248
1097003406,3399167,30.7140322,-88.1460227
1097003407,21951914,30.7447349,-88.2012514
1097003408,8151665,30.7323322,-88.1733797
1097003501,5257797,30.6979635,-88.162262
1097003502,3942337,30.6858694,-88.1588421
1097003602,2801200,30.6991449,-88.1997383
1097003605,1896648,30.6951413,-88.1824665
1097003606,2856217,30.6827732,-88.1806307
1097003607,1577593,30.6863761,-88.1982042
1097003608,1937256,30.7052498,-88.1835838
1097003703,3803170,30.673824,-88.2030668
1097003704,3214655,30.6687566,-88.1808168
1097003705,3731143,30.6508569,-88.1956046
1097003706,2753238,30.6509517,-88.1845077
1097003707,2925428,30.6547752,-88.1700405
1097003708,4795725,30.6267751,-88.1989541
1097003709,7475705,30.623508,-88.1765802
1097003710,5113489,30.6326037,-88.1648241
1097003800,98952596,30.8356498,-88.0059269
1097003901,2863834,30.7289031,-88.1118225
1097003902,1669850,30.721497,-88.1042631
1097004000,1737380,30.7402637,-88.0984799
1097004100,817555,30.7315772,-88.0933548
1097004800,1907007,30.75088,-88.0882006
1097004900,5186346,30.7503663,-88.1166709
1097005000,3098348,30.7606154,-88.1009585
1097005100,981169,30.7618781,-88.0886165
1097005200,1762775,30.7634615,-88.077923
1097005300,4987327,30.7789148,-88.079762
1097005400,9806461,30.8030189,-88.0881954
1097005500,4532778,30.8245364,-88.0784836
1097005600,20943728,30.8480849,-88.0530511
1097005700,231623887,30.9296484,-88.0373109
1097005800,288408444,31.0707011,-88.0654398
1097005900,458648855,31.0072491,-88.2685058
1097006000,159583306,31.0833411,-88.2554997
1097006102,25910676,30.7827799,-88.2128056
1097006103,20932596,30.7695781,-88.1485277
1097006104,119553250,30.8819066,-88.2158005
1097006105,73918444,30.8097669,-88.1628206
1097006200,218271703,30.8801413,-88.3731969
1097006301,78448843,30.7843388,-88.2976599
1097006302,29578142,30.7536706,-88.2468888
1097006402,15830002,30.7095652,-88.2369053
1097006403,16977918,30.686928,-88.2590418
1097006404,16034051,30.6595748,-88.2446121
1097006405,8954812,30.662896,-88.2135448
1097006406,30723423,30.654839,-88.2733209
1097006407,165111926,30.6973673,-88.3574571
1097006501,40434881,30.5571651,-88.2741415
1097006502,154021297,30.5565858,-88.3414467
1097006600,104119232,30.4153593,-88.3659658
1097006701,46030462,30.4641018,-88.2533608
1097006702,44929027,30.5154023,-88.2381941
1097006801,21456788,30.6176353,-88.22939
1097006802,12431680,30.5985927,-88.1816082
1097006901,17212874,30.570406,-88.2179902
1097006902,4691292,30.5839887,-88.1877044
1097007000,37627009,30.5725271,-88.1254897
1097007101,15198090,30.5443594,-88.2063408
1097007102,33269957,30.5239101,-88.1558898
1097007103,47845775,30.4884587,-88.13197
1097007201,44250272,30.4561048,-88.1792821
1097007202,80869911,30.344868,-88.1716708
1097007300,90460150,30.3943596,-88.2296716
1097007400,14483494,30.6301578,-88.0698908
1097007500,1741320,30.7432162,-88.0818172
1097007600,3123325,30.740477,-88.0726838
1097007700,1723174,30.7298347,-88.0840258
1097990000,0,30.2698833,-88.2923593
1099075600,523691828,31.7554501,-87.1028419
1099075700,599504712,31.676299,-87.4409537
1099075800,331026139,31.6209755,-87.2643212
1099075900,267832793,31.5315403,-87.4682746
1099076000,138136253,31.4918169,-87.2760205
1099076100,369132029,31.3957642,-87.4226933
1099076200,427193700,31.3250054,-87.5991274
1101000100,2231106,32.3792437,-86.3083898
1101000200,1757360,32.3720491,-86.3087877
1101000300,23697861,32.4032741,-86.3269155
1101000400,5059603,32.3972125,-86.2846517
1101000500,1698362,32.3817401,-86.2818552
1101000600,1687541,32.371598,-86.2915932
1101000700,1377521,32.3635327,-86.308144
1101000900,8575595,32.3809438,-86.363749
1101001000,4008012,32.3685556,-86.3398046
1101001100,3561873,32.3613688,-86.3289447
1101001200,1246770,32.3587334,-86.3177821
1101001300,2256219,32.3513299,-86.3072718
1101001400,2859952,32.3526512,-86.2916355
1101001500,2380176,32.3611761,-86.2832653
1101001600,2785155,32.374296,-86.2736405
1101001700,5040024,32.3732999,-86.2551197
1101001800,4555656,32.3962127,-86.2661424
1101001900,2362924,32.3941339,-86.2513627
1101002000,5844507,32.3408795,-86.271527
1101002100,3213699,32.3356893,-86.290787
1101002201,3121070,32.3356125,-86.3078025
1101002202,2891661,32.3151157,-86.303098
1101002300,3185680,32.3340804,-86.321932
1101002400,3709019,32.341301,-86.3351156
1101002500,4488073,32.4177882,-86.2722538
1101002600,4989424,32.3890786,-86.230524
1101002700,7270672,32.3747656,-86.2294064
1101002800,3489190,32.3347262,-86.2522211
1101002900,4986921,32.3157991,-86.2488363
1101003000,10571245,32.3515219,-86.360195
1101003100,2750021,32.318844,-86.2886318
1101003200,9503322,32.3061941,-86.2681672
1101003301,3771841,32.3551725,-86.2576169
1101003302,7208982,32.3480787,-86.2338251
1101005101,72018992,32.4484229,-86.2496859
1101005102,7170518,32.4299115,-86.2808445
1101005301,1534229,32.4067674,-86.2467043
1101005302,5672910,32.4098492,-86.2260841
1101005402,5363039,32.3933292,-86.1996217
1101005403,3690069,32.3716245,-86.2001367
1101005406,14959965,32.353685,-86.16183
1101005407,8752698,32.3721996,-86.1686218
1101005408,36181457,32.4014584,-86.15627
1101005409,2372259,32.3578287,-86.2043556
1101005410,3481204,32.3481308,-86.2082611
1101005501,50754977,32.3942603,-86.07265
1101005502,16126486,32.3359903,-86.0489059
1101005503,18874192,32.3507685,-86.0979514
1101005504,32399644,32.3466384,-86.0197743
1101005603,9905497,32.3084355,-86.2231566
1101005604,389770522,32.2324153,-86.1000649
1101005605,5482292,32.3289802,-86.2081876
1101005606,2538605,32.3333975,-86.2237785
1101005607,5860689,32.3281938,-86.1389503
1101005608,28933283,32.2959444,-86.1399677
1101005609,7746921,32.3184612,-86.1987704
1101005610,28739562,32.283118,-86.2292972
1101005611,8438522,32.3092917,-86.1857537
1101005612,10036854,32.3159975,-86.1596342
1101005700,322817898,32.0637351,-86.0722109
1101005800,264812632,32.0535013,-86.2470471
1101005901,385303427,32.198998,-86.3443832
1101005902,5208397,32.3042745,-86.3437005
1101006000,113338501,32.3600827,-86.425212
1101006100,7341215,32.3176494,-86.3824182
1103000100,5107163,34.5975541,-86.9613222
1103000200,6678028,34.5780062,-86.9405608
1103000300,5714769,34.5712507,-86.9706149
1103000400,4993150,34.6096225,-86.985681
1103000600,5750086,34.6095327,-87.0200209
1103000700,6610453,34.5982281,-87.0103875
1103000800,2544143,34.5819489,-86.9944642
1103000900,4372264,34.5686315,-86.9965916
1103001000,3049075,34.585474,-87.0065651
1103005101,65948080,34.6101269,-87.0610197
1103005103,7751686,34.516796,-86.9711064
1103005105,17510845,34.5304394,-87.0091223
1103005106,9807685,34.5680791,-87.0404899
1103005107,50191367,34.5356227,-87.0594456
1103005108,4143397,34.5540881,-87.0101727
1103005109,8402793,34.5494071,-86.9778507
1103005200,209246901,34.4073766,-87.057752
1103005301,80538696,34.4936528,-86.9172286
1103005302,22268235,34.4527772,-86.9686742
1103005303,4556952,34.4407081,-86.9436825
1103005304,39134269,34.4218938,-86.9163658
1103005404,61882196,34.5341148,-86.8545108
1103005405,168548984,34.4805794,-86.7691975
1103005500,212452729,34.3700778,-86.9035666
1103005600,247431278,34.3558416,-86.7007545
1103005701,85695151,34.4431824,-86.6445588
1103005702,160271895,34.513006,-86.6475889
1105686800,681757542,32.6849973,-87.1235867
1105687000,620102194,32.7209723,-87.3956331
1105687100,562025989,32.4878146,-87.40567
1107050000,286698887,33.3973636,-87.8929221
1107050100,318212840,33.4216907,-88.0182061
1107050200,350277110,33.4390566,-88.1950559
1107050300,390809593,33.2779491,-88.1679491
1107050400,936895429,33.143676,-88.1111873
1109188600,352222461,31.8457897,-85.7928705
1109188700,265413950,31.9432635,-85.9532385
1109188800,342587030,31.8646421,-86.103939
1109188900,58113447,31.8410746,-85.9337382
1109189000,88446223,31.7882366,-85.9896426
1109189100,64827152,31.7469334,-85.9138351
1109189200,295840712,31.6892653,-86.0378422
1109189300,273196546,31.6883185,-85.8110577
1111000100,356865463,33.4264515,-85.5226826
1111000200,259440979,33.3674567,-85.3379448
1111000300,345083089,33.2799275,-85.508691
1111000400,180027929,33.2143355,-85.3592685
1111000500,124928969,33.1428655,-85.3161594
1111000600,237269505,33.1594675,-85.567723
1113030200,1529043,32.4742814,-85.0069988
1113030300,2724315,32.4828993,-85.0070871
1113030401,7097194,32.4974855,-85.0068055
1113030402,6668432,32.5005486,-85.0442129
1113030500,6138509,32.4815891,-85.0367586
1113030600,20365213,32.4323882,-85.0346206
1113030700,5301429,32.4619801,-85.0137349
1113030800,21342370,32.4345151,-84.9805005
1113030901,62817142,32.436776,-85.0748664
1113030902,192128954,32.3130627,-85.0111397
1113031000,218381439,32.4340636,-85.2177528
1113031100,446886462,32.2688008,-85.3491716
1113031200,669177475,32.22919,-85.1493023
1115040103,70236199,33.6290697,-86.5078882
1115040104,11537563,33.5783564,-86.5234261
1115040105,110354665,33.5467968,-86.4306179
1115040106,84610918,33.6147327,-86.403975
1115040201,94221922,33.6381834,-86.2512417
1115040203,93779890,33.5390753,-86.3315178
1115040204,47375621,33.5644016,-86.2404965
1115040205,57179522,33.4790306,-86.3174775
1115040300,336837898,33.7484914,-86.2025351
1115040401,206142024,33.8613957,-86.1939665
1115040402,173876937,33.913109,-86.276265
1115040501,204727794,33.79507,-86.4532793
1115040502,145753223,33.7171728,-86.3824822
1117030102,150061620,33.3761817,-86.4351806
1117030103,83008287,33.3103917,-86.4508784
1117030211,42324267,33.41801,-86.5969324
1117030212,1835847,33.426492,-86.6981538
1117030213,9605516,33.4410183,-86.678391
1117030214,83807320,33.3183589,-86.622994
1117030215,69661597,33.3780329,-86.5819096
1117030216,13223444,33.4007262,-86.6503506
1117030217,28649967,33.4506559,-86.6285645
1117030303,10526469,33.4073199,-86.7204009
1117030304,10958397,33.3868168,-86.7579464
1117030305,10377011,33.3503953,-86.7685358
1117030306,8453620,33.2243265,-86.8147141
1117030314,5407150,33.3568736,-86.7917051
1117030315,13701001,33.3206714,-86.7920551
1117030316,9319747,33.304642,-86.819586
1117030317,3555092,33.2788969,-86.8394989
1117030319,5406099,33.2535295,-86.8084054
1117030320,5818221,33.2598348,-86.8412887
1117030330,7151914,33.4007267,-86.6925733
1117030331,8431023,33.3800273,-86.7161945
1117030332,9550629,33.3123317,-86.8441144
1117030333,7174331,33.3471249,-86.8178251
1117030334,79188053,33.2533809,-86.947558
1117030336,18298181,33.2791422,-86.8653627
1117030337,34127634,33.2309343,-86.9001761
1117030340,4917634,33.2728617,-86.8244293
1117030341,4020802,33.2733067,-86.8064537
1117030342,9747263,33.3461211,-86.7546195
1117030344,16904440,33.3567902,-86.6754096
1117030345,17940236,33.2917065,-86.768909
1117030405,11912672,33.0791817,-86.8672448
1117030406,27731854,33.1051532,-86.8316133
1117030407,11220101,33.1317107,-86.8475009
1117030408,169329432,33.1338054,-86.937949
1117030501,55710975,33.1013749,-86.7758848
1117030502,95470088,33.1109413,-86.6922636
1117030604,25137790,33.1840157,-86.8452865
1117030605,29099981,33.1761775,-86.799033
1117030607,8011780,33.2332362,-86.8499076
1117030608,24097036,33.2213517,-86.7876519
1117030609,109897661,33.2328201,-86.7308277
1117030701,159065728,33.226514,-86.6271106
1117030703,64855305,33.1621235,-86.5966993
1117030704,141103529,33.1003397,-86.5428113
1117030800,124694372,33.2789886,-86.500775
1117030900,158298372,33.4588883,-86.51782
1117980000,35318332,33.3218302,-86.7421974
1119011300,942339449,32.6118606,-88.1386681
1119011400,535928893,32.8638806,-88.2623266
1119011500,642309320,32.4322541,-88.1835908
1119011600,220321253,32.3800435,-88.3396696
1121010101,81053371,33.5387687,-85.8619735
1121010102,133367823,33.5328146,-85.9598329
1121010201,108862975,33.6421784,-86.1115838
1121010202,90996877,33.5726305,-86.1138927
1121010301,115297581,33.4832398,-86.1175063
1121010302,110181077,33.4863993,-86.2098235
1121010400,244122334,33.3941648,-86.0077903
1121010500,10160672,33.4548311,-86.0680822
1121010600,5180064,33.4475439,-86.1148963
1121010700,10059052,33.4188822,-86.135524
1121010900,6623733,33.4317569,-86.0994543
1121011000,27775617,33.4003134,-86.0958449
1121011100,300222625,33.3012123,-86.1816103
1121011200,177035107,33.3805486,-86.2819616
1121011300,61636953,33.2597282,-86.3714709
1121011400,54185238,33.2552882,-86.2982154
1121011500,245212229,33.1645531,-86.3882574
1121011600,83501098,33.1485687,-86.2131766
1121011700,20784474,33.2020081,-86.2915817
1121011800,3480362,33.1723378,-86.2529506
1121011900,10425966,33.165243,-86.2791174
1121012000,8086394,33.145858,-86.250449
1123961900,379531280,33.0266188,-85.731304
1123962000,160834496,33.0469464,-85.9450939
1123962100,28824094,32.9486635,-85.9841083
1123962200,54088333,32.959922,-85.9009382
1123962300,165648148,32.847021,-85.9528284
1123962400,310877864,32.88789,-85.6951867
1123962501,171466649,32.8730114,-85.8222249
1123962502,147998668,32.7193296,-85.799826
1123962600,148177505,32.773899,-85.6483314
1123962700,288324042,32.6239454,-85.8093922
1125010101,27958536,33.2801821,-87.486158
1125010102,662624588,33.454641,-87.4712536
1125010103,617598844,33.4282413,-87.7207611
1125010201,46505488,33.3294318,-87.6397443
1125010202,28237160,33.2870635,-87.577686
1125010203,32626954,33.3231423,-87.5661153
1125010204,12188512,33.2594557,-87.5598577
1125010301,114614474,33.2942284,-87.6875513
1125010302,169312249,33.2005759,-87.7377343
1125010303,270481686,33.0765398,-87.730532
1125010403,4356968,33.2346335,-87.5847733
1125010404,5084594,33.2213328,-87.5830137
1125010405,11070979,33.2690466,-87.5203662
1125010406,10461458,33.2440377,-87.5324292
1125010407,3889706,33.2276765,-87.5521429
1125010500,9071936,33.2435354,-87.4825444
1125010601,410573142,33.3241425,-87.3313594
1125010602,132420734,33.2748143,-87.1708468
1125010701,235963944,33.0418842,-87.5109697
1125010702,255829303,33.1420294,-87.3825437
1125010703,115020795,33.1845177,-87.2514428
1125010802,19828363,33.1609035,-87.4535002
1125010803,6023010,33.2128632,-87.468773
1125010804,5992846,33.1930468,-87.4548608
1125011200,4848125,33.2114539,-87.5385117
1125011401,1160011,33.2031146,-87.5527641
1125011402,1196651,33.2156417,-87.5555274
1125011600,4859969,33.2062919,-87.5791679
1125011701,1704451,33.1932756,-87.5832845
1125011703,9363142,33.1729965,-87.5920135
1125011800,3824410,33.188772,-87.568689
1125011901,1860696,33.1887842,-87.5424378
1125011902,1613302,33.1926705,-87.5565278
1125012000,2581212,33.1951958,-87.5353617
1125012100,5285029,33.19586,-87.5108189
1125012303,12325886,33.1807268,-87.4937929
1125012304,4662958,33.1601851,-87.5132906
1125012305,11894585,33.1507274,-87.4956832
1125012403,9668232,33.1607633,-87.5628283
1125012404,5179735,33.1575552,-87.537213
1125012405,5151552,33.1763106,-87.5397769
1125012501,54288943,33.1696468,-87.6471747
1125012502,42445648,33.1204035,-87.5913757
1125012503,15946679,33.1269031,-87.5219605
1125012600,4441268,33.2186194,-87.5176867
1125012700,6641779,33.2184585,-87.495102
1125012800,2361260,33.2130024,-87.5076573
1127020100,69888109,33.8114066,-87.3188042
1127020200,29954753,33.8786756,-87.3033145
1127020300,36521553,33.8705126,-87.2519936
1127020400,25344887,33.8139228,-87.2432068
1127020600,34328078,33.7985962,-87.1878122
1127020700,39364495,33.8698205,-87.18691
1127020800,184291434,33.9062724,-87.1508999
1127020900,141547792,33.9366827,-87.3052993
1127021000,153459760,33.9445989,-87.4646876
1127021100,139411442,33.9292009,-87.5741534
1127021200,192618149,33.8421074,-87.4326882
1127021300,447869073,33.666598,-87.3615093
1127021400,122627990,33.7107342,-87.2677453
1127021500,114539121,33.7349147,-87.185745
1127021600,80651280,33.6455955,-87.1392961
1127021700,97620736,33.7657597,-87.1021229
1127021800,43802655,33.7837485,-87.0577315
1127021900,94844770,33.8481723,-87.036585
1129043900,398479510,31.6256633,-88.3415656
1129044000,650165145,31.5344839,-88.2193508
1129044100,603076903,31.4174426,-88.0504262
1129044200,400079237,31.2291633,-88.0724342
1129044300,745919575,31.2709281,-88.3073653
1131034700,402854096,32.1518072,-87.4046392
1131034800,445737304,32.0123742,-87.2921068
1131035100,479246802,31.9749634,-87.5597949
1131035200,973236908,31.8936403,-87.1386593
1133965501,318813474,34.2187864,-87.2581073
1133965502,145680831,34.0964418,-87.2271905
1133965503,132806238,34.0961246,-87.153277
1133965600,471341429,34.1268793,-87.3831356
1133965700,73805154,34.274337,-87.5723
1133965800,184458854,34.1936265,-87.5492688
1133965900,260702937,34.062949,-87.5441215
