4001942600,1524909212,36.749477,-109.8578291
4001942700,2990232062,36.7552563,-109.3680582
4001944000,791414465,35.9506832,-109.1461416
4001944100,1830864447,36.3889115,-109.316317
4001944201,502006308,36.1534278,-109.6853411
4001944202,429368421,36.1701171,-109.4799539
4001944300,2640766675,36.3677367,-109.4071885
4001944901,1493024603,35.6217526,-109.3752943
4001944902,2786242383,35.5760801,-109.7284117
4001945001,109611701,35.706181,-109.1164586
4001945002,1163923471,35.4164983,-109.1802743
4001945100,1614899613,35.0870836,-109.3201073
4001970200,5159689992,34.6970843,-109.5067714
4001970300,1378276227,34.3155138,-109.2663052
4001970501,15979981,34.111854,-109.2865313
4001970502,4570089368,33.9271551,-109.5146032
4003000100,3424394169,32.1897342,-109.3988452
4003000201,860701907,32.2870113,-109.9859445
4003000202,133690718,32.2379491,-109.8162616
4003000203,762188996,32.0799299,-109.7935193
4003000301,18671776,31.9582989,-110.3045946
4003000302,697580334,31.9018104,-110.2624324
4003000303,1670030054,32.200019,-110.2836792
4003000400,1011399009,31.8238868,-109.9799891
4003000500,4277755144,31.693002,-109.4347432
4003000600,608785710,31.4446728,-109.4183102
4003000700,33689602,31.3644435,-109.4911125
4003000800,19077006,31.380745,-109.5244977
4003000901,1901875,31.3389448,-109.5503177
4003000902,2394101,31.3532777,-109.5502491
4003001000,409755085,31.5294519,-109.8948529
4003001100,148930227,31.379947,-109.8356632
4003001200,329297827,31.4646753,-110.0397849
4003001300,392273930,31.7019938,-110.3226536
4003001401,191801334,31.6101997,-110.3092853
4003001402,136715869,31.5071568,-110.3621165
4003001501,2449104,31.5450101,-110.2967758
4003001502,2650282,31.5620212,-110.2998042
4003001601,3339261,31.5597818,-110.2836592
4003001602,4396558,31.5575249,-110.2676901
4003001701,2719671,31.5468536,-110.2490685
4003001702,64025923,31.5741205,-110.1933358
4003001703,18873357,31.543283,-110.2155629
4003001800,11266400,31.5290788,-110.2766398
4003001900,18660061,31.4788388,-110.2729133
4003002001,22044788,31.4782518,-110.2320563
4003002002,123423088,31.4849732,-110.1681517
4003002100,561282947,31.3912782,-110.262153
4005000100,8473861,35.2257884,-111.6724797
4005000200,10191802,35.2225846,-111.6425539
4005000300,4978018,35.2147212,-111.6228476
4005000400,2739349,35.2174762,-111.6056385
4005000500,10587878,35.2275284,-111.5565227
4005000600,54478992,35.1821881,-111.5554509
4005000700,6470007,35.1954867,-111.6068641
4005000800,5956614,35.1866911,-111.6305505
4005000900,40115841,35.1557054,-111.6291383
4005001000,2789310,35.181983,-111.6551514
4005001101,7718054,35.1699687,-111.6828443
4005001102,6266285,35.1881088,-111.6816587
4005001200,13974401,35.2145805,-111.6798932
4005001301,53416181,35.2731292,-111.5396834
4005001302,783976404,35.3071243,-111.3838286
4005001500,6918879440,34.8019504,-111.1794127
4005001600,119982159,34.9365328,-111.7590861
4005001700,249869453,35.2369299,-112.203011
4005002000,7229253801,36.5991097,-112.1368033
4005002100,59391509,36.916588,-111.470183
4005002200,4757012131,35.5776471,-111.7624697
4005002300,12515099574,35.7182452,-112.600369
4005942201,2383631100,36.5452151,-111.3261199
4005942202,2892107559,36.7493591,-111.0190583
4005944900,256564189,36.0513606,-111.1899102
4005945000,3952401131,36.1799997,-111.5543782
4005945100,5863724287,35.7441623,-111.0320332
4005945200,12131890,36.1249476,-111.2520343
4007000100,460049968,34.3038561,-111.5611326
4007000200,543336534,34.3326177,-111.1381713
4007000301,8930183,34.2430422,-111.3385901
4007000302,680561409,34.0798698,-111.4300563
4007000400,88031848,34.2901451,-111.2569524
4007000500,284207908,34.1660965,-111.2387537
4007000600,1312860727,34.0978185,-111.0155491
4007000700,2034093583,33.7754809,-111.0929434
4007000800,641303153,33.452695,-110.9371613
4007000900,17306785,33.3973227,-110.8447033
4007001000,920675859,33.6236514,-110.7161952
4007001100,23708890,33.4137405,-110.765075
4007001200,179852508,33.2947891,-110.7760408
4007001300,381440770,33.1461311,-110.8030259
4007940200,2134058275,33.8847663,-110.3394452
4007940400,2612727998,33.4885424,-110.4235097
4009940500,4365141353,33.301443,-109.9890866
4009961100,1477420419,32.9491802,-109.9028859
4009961201,21285059,32.8638683,-109.75446
4009961202,65375940,32.8057813,-109.8012174
4009961300,3416222,32.8303303,-109.7184684
4009961400,5068382,32.8141246,-109.7192896
4009961500,1794672271,32.6273007,-109.4307135
4009961600,3309550839,32.7155046,-110.0975123
4009961700,930848048,32.8913628,-109.5331779
4011960100,3307966447,33.4834297,-109.2829279
4011960200,319216578,32.9929864,-109.3323888
4011960300,1143518053,32.7537823,-109.1416554
4012020100,5085420789,33.8615017,-113.6299068
4012020201,49198693,34.2001451,-114.1921774
4012020202,453235583,34.1639034,-113.9915324
4012020501,1650800874,33.6525942,-113.9501387
4012020502,1080046124,33.7427496,-114.2145391
4012020602,753505920,33.2567337,-114.670667
4012940200,4087531,34.1504951,-114.2903545
4012940300,993670265,33.8749524,-114.3598873
4012980000,1584014778,33.2826291,-114.4150098
4013010101,54055954,33.7468347,-111.7313562
4013010102,2707531325,33.7128794,-111.5743081
4013030401,26528318,33.8175437,-111.9168671
4013030402,58176082,33.8615277,-111.938807
4013040502,20525634,33.9764481,-112.7505122
4013040506,6349981,33.6577414,-112.3366887
4013040507,7666805,33.6569045,-112.362634
4013040512,1988842,33.6775607,-112.3909734
4013040513,3767797,33.6746155,-112.3659376
4013040514,3907854,33.6751574,-112.3386479
4013040515,2257717744,33.8241902,-113.0044501
4013040516,378528392,33.6757557,-112.7248677
4013040517,152326164,33.7112909,-112.5267688
4013040518,454347275,33.8962909,-112.5112619
4013040519,228940355,33.8191423,-112.3598758
4013040520,22247214,33.7598675,-112.3138395
4013040521,32575989,33.7046053,-112.3161584
4013040522,5574809,33.6878485,-112.3802373
4013040523,4363079,33.693851,-112.3482487
4013040524,2195625,33.6761639,-112.4164331
4013040525,3559300,33.6608415,-112.4269627
4013040526,2497302,33.6454938,-112.4432815
4013040527,2432654,33.6463226,-112.4265751
4013040528,7762139,33.6527324,-112.4037263
4013040529,3999128,33.6639716,-112.3934721
4013040530,1649707,33.6438153,-112.3838979
4013040531,2666936,33.6452498,-112.3672143
4013050603,3451456707,33.3160536,-113.0617176
4013050604,309699775,33.3568036,-112.7756801
4013050605,661459853,33.5484373,-112.6462541
4013050606,26942132,33.4931363,-112.4896874
4013050607,83142775,33.3862894,-112.6276085
4013050608,12998138,33.4267096,-112.5645555
4013050609,10902941,33.452531,-112.5353161
4013050610,37095290,33.4339393,-112.4942926
4013050611,58772818,33.3846295,-112.5165303
4013050701,7334513,33.3850892,-112.5817843
4013050702,8069648,33.3707199,-112.582303
4013060801,3677181,33.6318859,-112.3316377
4013060802,3962253,33.6196477,-112.3144574
4013060901,1634693,33.6182651,-112.3341975
4013060902,1455766,33.6120586,-112.3262851
4013060903,1294149,33.60171,-112.3203341
4013060904,1449549,33.6016641,-112.3110134
4013061009,15259399,33.464555,-112.4021325
4013061010,6474252,33.4989522,-112.3594703
4013061011,15629319,33.5326284,-112.3282847
4013061012,10081463,33.4634118,-112.3585654
4013061013,4578974,33.501347,-112.3261418
4013061014,3850676,33.4834524,-112.3250332
4013061015,2683836,33.4717216,-112.3302879
4013061016,20928076,33.5009527,-112.4355232
4013061017,3240331,33.4711562,-112.4380492
4013061018,7738023,33.4866763,-112.4004935
4013061019,43210099,33.3933973,-112.4305143
4013061020,2457381,33.4857615,-112.3676923
4013061021,1939442,33.4847495,-112.3482272
4013061022,7669222,33.4426194,-112.3979731
4013061023,7758913,33.4283175,-112.4182872
4013061024,14501823,33.4137948,-112.3997843
4013061025,4712711,33.631093,-112.4422593
4013061026,2602115,33.6315956,-112.4181131
4013061027,2327446,33.6314832,-112.4017435
4013061028,5317772,33.6344619,-112.3676263
4013061029,2673903,33.6311813,-112.3506875
4013061030,3678285,33.6180295,-112.4401122
4013061031,23011311,33.6023501,-112.4320649
4013061032,2322586,33.6186184,-112.3998375
4013061033,2560347,33.6117732,-112.3839564
4013061034,2592287,33.6165068,-112.3678926
4013061035,2543763,33.6163824,-112.3506959
4013061036,2365868,33.5877401,-112.4030248
4013061037,2584874,33.6022107,-112.3851425
4013061038,2595217,33.5876988,-112.3850313
4013061039,10252707,33.595581,-112.361302
4013061040,1249208,33.6019505,-112.3378089
4013061041,1337999,33.601576,-112.329193
4013061042,2142147,33.5875997,-112.3173497
4013061043,14137417,33.5727973,-112.333106
4013061044,36380775,33.5589526,-112.4016176
4013061045,41058081,33.5300157,-112.422807
4013061046,2569060,33.5295927,-112.3500769
4013061047,2483979,33.5151308,-112.3496744
4013061100,10118022,33.5360482,-112.3733796
4013061200,3983547,33.4463134,-112.341797
4013061300,3729544,33.441513,-112.363425
4013061401,725613,33.4327009,-112.3496081
4013061402,2313131,33.4264933,-112.3443808
4013071503,4013779,33.6103118,-112.2784919
4013071504,3332748,33.6294009,-112.2828515
4013071505,5982700,33.6233312,-112.2981718
4013071506,4113288,33.6251239,-112.2657735
4013071509,4795612,33.6235809,-112.2284614
4013071510,2600007,33.6032519,-112.2114133
4013071511,2349957,33.631369,-112.2099467
4013071512,2612877,33.6029139,-112.2289092
4013071513,2625934,33.6185011,-112.2129207
4013071514,2958325,33.6307414,-112.2451989
4013071515,2636103,33.6164743,-112.2476832
4013071516,2435718,33.6033854,-112.2606851
4013071517,2405437,33.6010844,-112.2466133
4013071600,2556597,33.5916464,-112.3045197
4013071701,1924129,33.5727182,-112.3050619
4013071702,3460582,33.5855768,-112.2958744
4013071801,4852622,33.5893833,-112.2782881
4013071802,2933717,33.5726345,-112.2798313
4013071903,2592603,33.588797,-112.21156
4013071906,2651876,33.5738386,-112.2461888
4013071909,2281329,33.573695,-112.2632913
4013071910,2569200,33.5885301,-112.228887
4013071911,2604814,33.5739624,-112.2290099
4013071912,1688966,33.5855903,-112.2580251
4013071913,2157868,33.5893163,-112.2449873
4013071914,1297484,33.5742427,-112.2159341
4013071915,1281197,33.5743756,-112.2072845
4013082002,2616358,33.4994539,-112.280234
4013082007,1277158,33.5014833,-112.2507274
4013082008,1289859,33.5014783,-112.2420804
4013082009,1303676,33.4869963,-112.2508164
4013082010,1297867,33.4870407,-112.2421267
4013082012,2918635,33.499953,-112.3008303
4013082016,5177679,33.4920539,-112.2635432
4013082017,2604572,33.472207,-112.2638452
4013082018,1325956,33.4760517,-112.2464894
4013082019,1750466,33.4896483,-112.301829
4013082020,1860792,33.4807297,-112.3036975
4013082021,2655897,33.486432,-112.2812848
4013082022,3712408,33.4660555,-112.3167826
4013082023,3148715,33.4696273,-112.2984031
4013082024,3195700,33.4702087,-112.2812089
4013082025,3873523,33.4496873,-112.3205947
4013082026,2533750,33.4424852,-112.3151158
4013082027,6227038,33.4504094,-112.2929218
4013082028,1280712,33.4687756,-112.2466002
4013082203,5141206,33.4210381,-112.2809958
4013082204,9542937,33.4082453,-112.2599089
4013082205,2510745,33.4292554,-112.246943
4013082206,6540861,33.4030611,-112.2496483
4013082207,10796525,33.3968167,-112.2906886
4013082208,18953597,33.4006324,-112.3294874
4013082209,954054,33.4318212,-112.2960227
4013082210,2194254,33.4239556,-112.2988703
4013082211,4149457,33.4281516,-112.3204026
4013083000,12889965,33.449032,-112.2607917
4013092305,2506385,33.5745857,-112.1946101
4013092306,2565725,33.574718,-112.1775505
4013092307,2559350,33.5587571,-112.1781458
4013092308,2554778,33.5747161,-112.160306
4013092309,2554953,33.5603104,-112.1603196
4013092311,647197,33.56024,-112.1883998
4013092312,1832030,33.5600973,-112.1967543
4013092401,1289181,33.5457803,-112.1643912
4013092402,1287699,33.5457875,-112.1558536
4013092500,2631638,33.5457957,-112.1774088
4013092600,2513156,33.5456908,-112.1945977
4013092705,2592987,33.5453624,-112.2117335
4013092708,2605774,33.5587797,-112.2637587
4013092709,2573533,33.5591592,-112.2464157
4013092710,2580296,33.5304561,-112.2463403
4013092711,2565812,33.5450265,-112.2290633
4013092712,2549969,33.5306136,-112.2290551
4013092713,2589423,33.5161016,-112.2290977
4013092715,1286319,33.5200387,-112.2117697
4013092716,1319517,33.5127498,-112.2118328
4013092717,1297313,33.5345116,-112.2117591
4013092718,1300439,33.5272643,-112.2118198
4013092719,2568027,33.5153927,-112.281163
4013092720,23746920,33.5282486,-112.2763289
4013092721,2536611,33.5447591,-112.2463813
4013092723,2589405,33.558242,-112.2983535
4013092724,2564083,33.5584144,-112.2811568
4013092801,1256245,33.5348379,-112.1946566
4013092802,1259328,33.5275918,-112.1946753
4013092900,2630303,33.5312702,-112.1774451
4013093001,1433450,33.5338273,-112.1606547
4013093002,1112562,33.5273071,-112.1592116
4013093101,1255739,33.5192182,-112.1573864
4013093104,3949828,33.5158664,-112.1712744
4013093105,1253906,33.5203394,-112.1947048
4013093106,1276129,33.5130397,-112.194739
4013093200,5198832,33.5596351,-112.2203819
4013103205,2635515,33.6042712,-111.9694857
4013103206,2573798,33.604206,-111.95191
4013103207,2420553,33.6044145,-111.9345066
4013103208,2777562,33.5904316,-111.987092
4013103209,6477023,33.5849736,-111.9621695
4013103210,2335894,33.6053327,-111.9874082
4013103211,2713638,33.6189983,-111.9869134
4013103212,2606852,33.6188319,-111.969144
4013103214,2590325,33.6186525,-111.9512025
4013103215,2710633,33.6334564,-111.9869239
4013103216,2598629,33.6333105,-111.9690393
4013103217,2589035,33.6331998,-111.9515948
4013103219,2870210,33.6316313,-111.9341776
4013103220,2171940,33.6174998,-111.9348638
4013103302,2499628,33.6193209,-112.0046826
4013103303,2550453,33.6334977,-112.0047671
4013103304,954812,33.6334539,-112.016688
4013103305,810661,33.6368982,-112.0254119
4013103306,767901,33.6298167,-112.0253133
4013103400,2718519,33.6050129,-112.003676
4013103501,2006860,33.6202301,-112.0207426
4013103502,4457245,33.6062412,-112.0255743
4013103604,3093949,33.6353654,-112.0866753
4013103605,6102712,33.6166417,-112.0797986
4013103606,2424893,33.6336343,-112.0391567
4013103607,2490225,33.618039,-112.0412527
4013103608,2462943,33.6326258,-112.1078795
4013103609,2493406,33.6144265,-112.1098543
4013103611,5214223,33.628231,-112.0612399
4013103612,2007819,33.6300172,-112.0758193
4013103614,2193322,33.6052198,-112.0854374
4013103615,7070103,33.5922468,-112.0821225
4013103701,2572820,33.6060907,-112.0471873
4013103702,4717371,33.5941537,-112.0555576
4013103900,2522036,33.6036014,-112.1053243
4013104000,2563951,33.6036114,-112.1252568
4013104100,2564317,33.618046,-112.1251214
4013104202,2578358,33.6179906,-112.1424429
4013104203,2582502,33.589357,-112.1440635
4013104204,1467261,33.5912674,-112.1566742
4013104205,3377382,33.5756927,-112.1294257
4013104206,1642458,33.5723303,-112.1454437
4013104207,2649677,33.6326309,-112.1249043
4013104212,2581210,33.6035807,-112.1425788
4013104214,2427289,33.6320299,-112.1772004
4013104215,2310146,33.6318197,-112.1941601
4013104216,2467507,33.6181823,-112.194959
4013104217,2559535,33.6179599,-112.1771528
4013104218,2582895,33.617939,-112.1598429
4013104219,2574890,33.6035315,-112.1599699
4013104221,2568243,33.5885017,-112.1766306
4013104222,2507770,33.5890646,-112.1944668
4013104223,2470401,33.6043789,-112.1938253
4013104224,2531745,33.604454,-112.1784017
4013104225,2494692,33.6315079,-112.1617063
4013104226,2558853,33.6323204,-112.1425101
4013104227,1057553,33.5863574,-112.1635857
4013104301,1486942,33.5891286,-112.1287875
4013104302,1000952,33.5896579,-112.1208241
4013104401,2549164,33.5892316,-112.1082097
4013104402,2556182,33.5782082,-112.1100577
4013104501,1227304,33.5709186,-112.0944957
4013104502,1342092,33.5782693,-112.0905724
4013104600,2617902,33.5767665,-112.0729281
4013104701,1067299,33.5769078,-112.060294
4013104702,1443266,33.5733812,-112.053608
4013104801,5873837,33.5787464,-112.0342546
4013104802,3335039,33.5894838,-112.0243739
4013104900,2584777,33.5898363,-112.0044597
4013105002,8045189,33.5228894,-111.947527
4013105003,10537880,33.5658394,-111.9474755
4013105004,12684417,33.5441689,-111.9412986
4013105101,6209104,33.5734281,-111.9970468
4013105102,18982099,33.546725,-112.0221086
4013105103,9879115,33.5357458,-111.9906288
4013105200,4048348,33.5658625,-112.0523785
4013105300,2628242,33.5585552,-112.0712786
4013105400,2568630,33.560285,-112.0910906
4013105501,1288060,33.5603767,-112.1126416
4013105502,639841,33.5639656,-112.1039407
4013105503,630447,33.558568,-112.1053978
4013105601,1283757,33.5603261,-112.1212698
4013105602,1290267,33.5603307,-112.1299019
4013105701,1305221,33.5603231,-112.147316
4013105702,1290174,33.5603167,-112.1385793
4013105800,2604618,33.5458039,-112.142951
4013105900,2602568,33.5458104,-112.1256272
4013106001,702933,33.5458512,-112.1145949
4013106002,942646,33.5494847,-112.1059643
4013106003,941132,33.5422388,-112.1059155
4013106100,2554735,33.5457403,-112.0910561
4013106200,2593993,33.5455615,-112.0738396
4013106300,2633117,33.5462142,-112.0553638
4013106400,2494795,33.5269517,-112.0379508
4013106501,1313676,33.5309985,-112.0606354
4013106502,1309433,33.53099,-112.0518662
4013106600,2603134,33.5310504,-112.0737184
4013106701,633665,33.5349394,-112.0953652
4013106702,649360,33.5348013,-112.0867781
4013106703,1288402,33.5294311,-112.0868316
4013106801,702979,33.5313191,-112.1145493
4013106802,1879037,33.5313801,-112.1059165
4013106900,2604857,33.5312722,-112.1255879
4013107000,2593334,33.5312028,-112.1429359
4013107101,1252318,33.520446,-112.1427761
4013107102,1353332,33.5132,-112.1430897
4013107201,1298213,33.5130999,-112.1255712
4013107202,1292931,33.5203754,-112.1255921
4013107300,2575241,33.5168231,-112.10837
4013107400,2585601,33.516711,-112.0911071
4013107500,2609413,33.5165357,-112.0737249
4013107601,1310496,33.5164792,-112.0606163
4013107602,1304617,33.5164688,-112.0518734
4013107700,2618706,33.5165871,-112.0387951
4013107800,3533621,33.5172978,-112.0214715
4013107900,7776244,33.512147,-111.9639086
4013108000,3793384,33.4970552,-111.9596525
4013108100,1452097,33.5033702,-111.9805171
4013108200,1557172,33.5002341,-111.989341
4013108301,2313941,33.5088488,-112.0047594
4013108302,1333564,33.498862,-112.004177
4013108400,2597616,33.5023624,-112.0215697
4013108501,1295691,33.5019818,-112.043224
4013108502,1293574,33.5020379,-112.0345443
4013108601,817427,33.4980444,-112.0590439
4013108602,1770566,33.5042337,-112.0540658
4013108802,1027485,33.5053862,-112.0710658
4013108901,1036955,33.498096,-112.0902004
4013108902,1504391,33.5054188,-112.0934517
4013109001,650538,33.5024009,-112.1148406
4013109002,942940,33.5059113,-112.1062049
4013109003,957431,33.4995459,-112.1073358
4013109101,1286003,33.5058159,-112.1255929
4013109102,1281316,33.4985716,-112.1256581
4013109200,2597087,33.5021972,-112.1429058
4013109300,2552722,33.5021554,-112.1602157
4013109400,2610831,33.5022299,-112.1776189
4013109500,2463414,33.5025844,-112.1933395
4013109601,1220651,33.5017559,-112.2335657
4013109602,1489582,33.4994228,-112.2135197
4013109603,1322990,33.5015444,-112.2250233
4013109604,1056447,33.5054114,-112.2093948
4013109701,1292842,33.4875564,-112.2075721
4013109702,1405622,33.4869472,-112.233063
4013109703,1293222,33.4874706,-112.21623
4013109704,608759,33.4909754,-112.2246135
4013109705,560707,33.4839302,-112.2243688
4013109801,1219661,33.4876201,-112.1991683
4013109802,1302034,33.4877584,-112.1907502
4013109900,2604898,33.4876506,-112.173325
4013110001,1384430,33.4868383,-112.1642623
4013110002,1169245,33.4921689,-112.1608184
4013110100,2573750,33.4887227,-112.143503
4013110400,2497053,33.4876853,-112.0915629
4013110501,1414636,33.4876332,-112.0784972
4013110502,1310115,33.4875221,-112.0694199
4013110600,2599370,33.4884762,-112.0600165
4013110701,809329,33.4855251,-112.0457007
4013110702,1780329,33.4889011,-112.0356409
4013110801,1296654,33.4913915,-112.021563
4013110802,1306660,33.48407,-112.0215206
4013110901,1328209,33.4878543,-112.0085684
4013110902,1321731,33.4878069,-111.999838
4013111000,2624349,33.4875531,-111.9867811
4013111100,3171795,33.4867355,-111.9673329
4013111201,1912030,33.4740317,-111.9709762
4013111202,895521,33.4605544,-111.9738762
4013111203,408181,33.4534134,-111.9746086
4013111204,6566503,33.4586576,-111.9551042
4013111300,2621017,33.4729842,-111.9868751
4013111401,1325311,33.4730969,-112.0085557
4013111402,1316507,33.4730668,-111.9998735
4013111501,701867,33.4685018,-112.0256724
4013111502,1891517,33.4740014,-112.0199451
4013111601,1301276,33.4721288,-112.0340442
4013111602,1301777,33.4730134,-112.0432967
4013111700,2603480,33.4729707,-112.05638
4013111800,2654770,33.4730347,-112.0739665
4013111900,2540090,33.4713281,-112.0919831
4013112100,2590523,33.4731961,-112.1257613
4013112201,1453063,33.4738048,-112.1394436
4013112202,1136736,33.4724482,-112.1477014
4013112301,1309388,33.4696322,-112.1604808
4013112302,1285103,33.4768981,-112.1602715
4013112401,1304314,33.4768815,-112.1777032
4013112402,1299464,33.4696103,-112.1777424
4013112502,1268294,33.4695439,-112.1948671
4013112503,2596628,33.4730267,-112.2119981
4013112504,1264265,33.476804,-112.1948327
4013112505,2506627,33.4587314,-112.1949162
4013112507,1246190,33.4642123,-112.1684127
4013112508,1945048,33.4570499,-112.2121093
4013112509,5616946,33.465663,-112.2275671
4013112510,10290011,33.4373647,-112.2210426
4013112511,11056316,33.4071318,-112.2209946
4013112512,11698870,33.4488095,-112.1727317
4013112513,7772234,33.4249542,-112.1894722
4013112514,21045170,33.4171853,-112.1607794
4013112601,721053,33.4639189,-112.1435434
4013112602,1880498,33.4566702,-112.1430073
4013112700,2589107,33.4586511,-112.1258756
4013112900,2601456,33.4585736,-112.0913351
4013113000,1274354,33.4622221,-112.0739166
4013113100,1304207,33.4550381,-112.073874
4013113201,648711,33.4551116,-112.0519793
4013113202,674689,33.4549803,-112.0607293
4013113203,1265032,33.4622079,-112.0564199
4013113300,2590333,33.4585866,-112.0389236
4013113400,649254,33.4549591,-112.0258111
4013113501,1280122,33.4618189,-112.0182746
4013113502,638469,33.4549334,-112.0171819
4013113601,1550262,33.4620494,-111.9990272
4013113602,1059945,33.4553708,-112.007419
4013113700,2495120,33.4581815,-111.9853697
4013113801,5298114,33.4471734,-111.9933575
4013113802,13559545,33.4294827,-112.0140227
4013113900,2665414,33.4440704,-112.0389279
4013114000,2617581,33.4440861,-112.0564579
4013114100,1304997,33.4477675,-112.0738956
4013114200,1283984,33.4405135,-112.0737432
4013114301,1333637,33.4476657,-112.0913092
4013114302,1305758,33.4403769,-112.0912503
4013114401,1387781,33.443996,-112.1127649
4013114402,1200491,33.4439794,-112.10407
4013114500,2541461,33.4440651,-112.126027
4013114600,2581402,33.4441453,-112.1431681
4013114703,2593250,33.4296312,-112.1258821
4013114800,5401251,33.4213966,-112.0861549
4013114900,2815997,33.4290366,-112.0739784
4013115200,7119373,33.4139109,-112.0014967
4013115300,4102107,33.412266,-112.0484128
4013115400,2515073,33.4135508,-112.071221
4013115500,2598908,33.3993852,-112.142267
4013115600,2552656,33.3994726,-112.1078245
4013115700,2588063,33.399502,-112.0906176
4013115801,1299694,33.3995032,-112.0689754
4013115802,1288097,33.3994855,-112.0776433
4013115900,2569300,33.3995851,-112.0559842
4013116000,2480171,33.3998988,-112.0386208
4013116100,2417069,33.4001775,-112.0212714
4013116202,1454220,33.3885879,-111.9874388
4013116203,7958864,33.3901621,-112.0101982
4013116204,2565916,33.4000005,-111.9869425
4013116205,1150408,33.3814323,-111.9862123
4013116300,2687775,33.3853695,-112.0387139
4013116400,2625228,33.3850759,-112.0559281
4013116500,2586582,33.3850011,-112.0732944
4013116602,2579308,33.3849687,-112.0905339
4013116603,6532427,33.3848215,-112.2072947
4013116604,2550375,33.3847564,-112.1768146
4013116605,2581154,33.3848158,-112.1596188
4013116606,2577690,33.3848675,-112.1423292
4013116607,2583291,33.3990267,-112.123348
4013116608,6855599,33.3671923,-112.2025579
4013116609,7861095,33.3551974,-112.1771339
4013116610,5050417,33.368726,-112.1508815
4013116611,12657211,33.343865,-112.1537874
4013116612,7769303,33.3704008,-112.1258061
4013116613,7727812,33.3746295,-112.1052606
4013116702,3543892,33.3678168,-112.0739526
4013116703,3496827,33.367837,-112.0575744
4013116704,7883930,33.3714984,-112.0163373
4013116707,1325654,33.3523433,-111.989639
4013116708,3320672,33.3398925,-111.9828966
4013116709,1087179,33.3559534,-111.9747309
4013116710,3760734,33.3316075,-112.0054242
4013116711,1077758,33.3298842,-111.9920198
4013116712,3802547,33.2979769,-111.9845655
4013116713,2416246,33.2958998,-112.0048153
4013116714,2708616,33.2979707,-112.0237215
4013116715,921580,33.3544355,-111.9830865
4013116717,1073855,33.3266899,-111.9761415
4013116718,959471,33.322711,-111.983812
4013116719,3405013,33.3120951,-111.9836454
4013116720,1770157,33.3166004,-111.9991276
4013116721,2295744,33.3092109,-112.0136469
4013116725,4158254,33.297401,-112.0469872
4013116727,4556247,33.299022,-112.073665
4013116728,5703864,33.3119365,-112.0601268
4013116729,3749384,33.3149004,-112.0267104
4013116730,4413391,33.3013258,-112.1138408
4013116731,3285446,33.2964716,-112.1003519
4013116732,6728068,33.3543656,-112.1033073
4013116733,65531101,33.3404521,-112.0749149
4013116800,5226378,33.4658538,-112.1086031
4013116900,3171278,33.4884301,-112.1233353
4013117000,1924559,33.4882459,-112.1060497
4013117100,1594700,33.4991021,-112.0751245
4013117200,6624814,33.42871,-112.0418759
4013117300,8090019,33.420063,-112.1144023
4013216806,2041733,33.5448607,-111.8984963
4013216807,4077964,33.5713448,-111.8960927
4013216809,9279917,33.5745331,-111.8051929
4013216810,1865457,33.5751643,-111.8802501
4013216813,4472667,33.5718035,-111.911572
4013216816,16171788,33.6115386,-111.9076426
4013216818,8416883,33.5925247,-111.7205957
4013216819,23710152,33.6298446,-111.7519771
4013216820,4969751,33.6132017,-111.706384
4013216821,15405681,33.5891915,-111.7497196
4013216822,23279584,33.7635309,-111.9070256
4013216826,2614697,33.588797,-111.8832683
4013216829,93124011,33.7883642,-111.819893
4013216830,2555616,33.5823877,-111.9347355
4013216831,4729935,33.5912796,-111.9270585
4013216832,1818241,33.577834,-111.8615969
4013216833,3234760,33.573508,-111.8521592
4013216834,2894080,33.5549585,-111.9180475
4013216835,2321458,33.5461165,-111.9137634
4013216836,4168583,33.5888596,-111.8587996
4013216837,2469716,33.5890025,-111.8373468
4013216838,2652986,33.604253,-111.8828492
4013216839,3371767,33.6035028,-111.8624422
4013216840,10035429,33.7127039,-111.9080192
4013216841,5158785,33.6896109,-111.9086338
4013216842,4196827,33.6779852,-111.9105755
4013216843,23630237,33.714098,-111.8301559
4013216844,6752288,33.663214,-111.9048307
4013216845,6585443,33.6450492,-111.9093868
4013216846,6861711,33.6315668,-111.8660182
4013216847,9313942,33.656622,-111.8778251
4013216848,13407832,33.5928575,-111.7877469
4013216849,33224180,33.6147408,-111.8202992
4013216850,1889386,33.6244331,-111.8826775
4013216851,56061347,33.6681878,-111.8225123
4013216852,969766,33.6151344,-111.8848716
4013216853,1722985,33.6167101,-111.8699863
4013216901,2828386,33.5300292,-111.9182645
4013216902,2544694,33.529373,-111.898852
4013217001,2814258,33.5153691,-111.9227688
4013217002,2511839,33.5162635,-111.8980634
4013217101,1294825,33.5012471,-111.9053974
4013217102,1284002,33.5038503,-111.8978049
4013217201,2060257,33.4945112,-111.9253321
4013217203,1287056,33.5071933,-111.91706
4013217204,611191,33.4989994,-111.9142444
4013217300,2472610,33.5019583,-111.9349494
4013217400,2172911,33.4794719,-111.9509448
4013217501,1048265,33.4863686,-111.9386785
4013217502,806047,33.4850451,-111.9308731
4013217600,1920059,33.4860977,-111.9159439
4013217700,2566393,33.4876299,-111.9003184
4013217800,2557134,33.4731131,-111.900364
4013217900,2558166,33.4748808,-111.9196965
4013218000,2617063,33.4729481,-111.9348481
4013218100,973215,33.4620164,-111.9328124
4013218200,2524586,33.4619603,-111.9163918
4013218300,2238683,33.4605095,-111.9021729
4013318400,8003324,33.4340726,-111.9158636
4013318501,1305692,33.4553353,-111.9348913
4013318700,2411593,33.4287353,-111.9349179
4013318800,2569382,33.4297773,-111.9560473
4013318900,2589083,33.4146651,-111.952179
4013319000,2588739,33.4147103,-111.9349181
4013319101,330646,33.4166651,-111.9220738
4013319103,957248,33.418997,-111.9161745
4013319104,1287866,33.4111439,-111.9176864
4013319201,1324915,33.4184286,-111.9002492
4013319202,1325010,33.4111316,-111.9002656
4013319300,1093172,33.417039,-111.8867329
4013319401,2673507,33.3855247,-111.9180624
4013319402,2630566,33.38581,-111.9004077
4013319403,2657428,33.400944,-111.9001315
4013319404,2047881,33.3933277,-111.8868114
4013319500,2576259,33.4002478,-111.917711
4013319600,2578482,33.4001798,-111.9349062
4013319703,2744890,33.3851632,-111.9697794
4013319704,7826594,33.4141727,-111.970576
4013319705,3856654,33.3965537,-111.9520567
4013319706,1331378,33.3821331,-111.9533755
4013319800,2517125,33.3857391,-111.9351642
4013319902,2539689,33.367901,-111.9355759
4013319903,2489784,33.3703792,-111.9155206
4013319904,2672848,33.3702585,-111.902362
4013319905,2614826,33.3564609,-111.9198593
4013319906,2563847,33.353387,-111.9005108
4013319907,2583419,33.3419171,-111.9198091
4013319908,2561269,33.3533622,-111.9341876
4013319909,2556802,33.342523,-111.9008629
4013319910,6672125,33.3418702,-111.950615
4013320001,3040822,33.3551321,-111.9576083
4013320002,2081954,33.3664506,-111.9631777
4013320007,2061502,33.3716761,-111.9530188
4013320100,4891538,33.4435312,-111.9429174
4013420104,7623249,33.428925,-111.6569607
4013420105,7541643,33.4475025,-111.6569274
4013420107,8266055,33.4807379,-111.6750323
4013420108,9712530,33.4795824,-111.6403873
4013420109,7589634,33.4595197,-111.6595501
4013420110,25787491,33.4559734,-111.6080679
4013420111,2577658,33.4297294,-111.6240166
4013420112,1927697,33.4283654,-111.5878372
4013420113,1283631,33.4190041,-111.6759675
4013420114,2597115,33.4187804,-111.6500471
4013420115,1824281,33.4176452,-111.6198016
4013420116,2019840,33.4187068,-111.5941823
4013420202,2590589,33.4301383,-111.6930944
4013420206,15029108,33.4715228,-111.7105023
4013420207,3288677,33.4901256,-111.6923542
4013420208,2590013,33.4300703,-111.7277109
4013420209,2592796,33.4297703,-111.7086665
4013420210,2601089,33.4446119,-111.6929143
4013420211,2585032,33.4735699,-111.6925704
4013420212,2571936,33.4586409,-111.6885124
4013420213,1303279,33.4191806,-111.7277635
4013420214,2578478,33.4194724,-111.7017702
4013420215,2595268,33.4445634,-111.7275522
4013420216,2584534,33.4446172,-111.7102505
4013420301,1640802,33.4575906,-111.7937678
4013420302,2568104,33.4586449,-111.7775275
4013420303,2596605,33.459106,-111.7620112
4013420304,5260971,33.4696054,-111.7447663
4013420401,3102771,33.4569965,-111.8274309
4013420402,9179594,33.4702132,-111.7789505
4013420501,2622212,33.444138,-111.8311469
4013420503,1318649,33.4464362,-111.8176657
4013420504,1339267,33.443353,-111.8098312
4013420602,2559356,33.4299352,-111.7794889
4013420603,2544122,33.4445016,-111.7792986
4013420604,2587374,33.4439367,-111.7973995
4013420704,2613634,33.4300168,-111.7622801
4013420705,5200402,33.444576,-111.7534952
4013420706,2570545,33.430017,-111.7450053
4013420707,1296819,33.4191076,-111.7623535
4013420708,1296406,33.4191354,-111.7450284
4013420709,1303025,33.4145175,-111.7606298
4013420710,1290465,33.411881,-111.7450995
4013420800,2592232,33.431638,-111.7951762
4013420901,1210887,33.4331863,-111.8141543
4013420902,1339663,33.4260911,-111.8141595
4013421001,1277480,33.4295874,-111.8356261
4013421002,1273723,33.4290886,-111.8274772
4013421101,2468997,33.4477557,-111.8475423
4013421102,2627759,33.430394,-111.8486195
4013421201,4121625,33.4339264,-111.8723867
4013421202,1497175,33.426999,-111.8632578
4013421302,2497507,33.4149839,-111.8482565
4013421303,1813541,33.4183113,-111.86874
4013421304,2325570,33.4111435,-111.8721703
4013421400,2541926,33.4151047,-111.83143
4013421501,1324328,33.411476,-111.8141508
4013421502,1321112,33.4187479,-111.8141153
4013421601,1278407,33.4189111,-111.7967357
4013421602,1277513,33.4116541,-111.7967966
4013421701,1281879,33.4190418,-111.7796191
4013421702,1290728,33.4117785,-111.7796786
4013421801,1281901,33.3970961,-111.79685
4013421802,1278774,33.4063205,-111.7963157
4013421901,1309323,33.396982,-111.8141908
4013421902,1314226,33.4042227,-111.8141162
4013422001,1268790,33.4042445,-111.8315944
4013422002,1292546,33.3969939,-111.8314211
4013422102,1273650,33.4041299,-111.8657396
4013422103,726402,33.3966747,-111.8698091
4013422104,1523041,33.4013046,-111.8799565
4013422105,1276720,33.3968379,-111.8485943
4013422106,1259059,33.4040946,-111.8484498
4013422107,635211,33.3971105,-111.8612601
4013422203,2640384,33.3836283,-111.8554938
4013422204,2571191,33.3858199,-111.8692674
4013422205,1305722,33.3837635,-111.878993
4013422209,2613030,33.3424187,-111.8504007
4013422210,2611046,33.3423811,-111.8677211
4013422211,2561848,33.3422466,-111.8850371
4013422212,1990888,33.3756915,-111.8845255
4013422213,1321288,33.362708,-111.8858608
4013422215,1323422,33.3604905,-111.8678247
4013422216,2604654,33.3715446,-111.8507247
4013422217,1320354,33.3605358,-111.8504071
4013422218,1286856,33.3530428,-111.8851882
4013422219,1287745,33.3532362,-111.8678013
4013422220,1272556,33.353291,-111.8504569
4013422221,1864699,33.3716293,-111.8693392
4013422222,978160,33.3707288,-111.8627883
4013422301,5143646,33.3860671,-111.8271693
4013422302,2639928,33.3860618,-111.7970924
4013422304,2711420,33.3468615,-111.8362759
4013422305,2314869,33.3467173,-111.8158186
4013422307,7730504,33.3654052,-111.8262199
4013422308,2622215,33.371746,-111.7983872
4013422309,2592301,33.3570528,-111.8157213
4013422401,2557669,33.3570982,-111.7975401
4013422402,2475281,33.357289,-111.7814095
4013422403,2586787,33.3427012,-111.7983206
4013422404,2512928,33.3427504,-111.7813442
4013422501,2605463,33.4009336,-111.7624714
4013422502,2570732,33.4008774,-111.7797329
4013422503,2590408,33.3862619,-111.779772
4013422504,2595521,33.3864324,-111.7625711
4013422506,2508127,33.3748545,-111.7655957
4013422507,2392023,33.3697053,-111.7472622
4013422508,2503645,33.3718256,-111.7811895
4013422509,2585655,33.357376,-111.7644951
4013422510,2585398,33.3574743,-111.7472415
4013422511,2588097,33.3428917,-111.764314
4013422512,2587093,33.3429675,-111.7470048
4013422513,2581984,33.4024253,-111.7451298
4013422514,2449971,33.3867617,-111.7456312
4013422606,10188812,33.3503525,-111.7214724
4013422607,2585843,33.4010722,-111.72785
4013422609,2565513,33.4014339,-111.6749123
4013422610,2594406,33.4006935,-111.658889
4013422615,5141351,33.3950184,-111.6097111
4013422616,5254262,33.3926894,-111.5917179
4013422617,2653475,33.3730628,-111.6788572
4013422618,2456520,33.3717671,-111.661836
4013422620,2570322,33.3720664,-111.7306841
4013422621,2562939,33.3721457,-111.7134942
4013422622,2524396,33.3753192,-111.7010615
4013422623,5097441,33.3504927,-111.6959424
4013422624,1466704,33.4117435,-111.7264539
4013422625,2373010,33.4121578,-111.7007063
4013422626,1833826,33.4116293,-111.6725394
4013422627,2085836,33.4114985,-111.6465411
4013422628,1917396,33.4132715,-111.6198045
4013422629,1951186,33.4114968,-111.5927476
4013422630,2043690,33.401033,-111.6256677
4013422631,3124807,33.3884608,-111.6237083
4013422632,2589087,33.4005952,-111.6414096
4013422633,2610117,33.3861685,-111.6765606
4013422634,2547250,33.3863343,-111.6609716
4013422635,2403343,33.386626,-111.6390108
4013422636,2702031,33.3863133,-111.7284577
4013422637,1408370,33.4003445,-111.7143785
4013422638,2664637,33.386051,-111.710322
4013422639,6099162,33.3984646,-111.6963228
4013422640,2607351,33.3754499,-111.6386696
4013422641,7715210,33.3558253,-111.6591955
4013422642,2574580,33.3718076,-111.6274317
4013422643,5153286,33.355844,-111.6130928
4013422644,7784196,33.3702692,-111.5979271
4013422646,5604468,33.3353819,-111.5931507
4013522800,15557965,33.3057429,-111.6550856
4013522901,2618640,33.3279542,-111.8328965
4013522903,1300112,33.3134516,-111.8371642
4013522904,1307264,33.3134597,-111.8284703
4013523002,2646098,33.313355,-111.8503094
4013523003,2606131,33.3278624,-111.8503884
4013523005,2593315,33.3278656,-111.8677684
4013523006,2598528,33.3133108,-111.8677386
4013523102,2600168,33.298902,-111.8328861
4013523103,2616517,33.298277,-111.8671283
4013523104,2610432,33.2993238,-111.8477498
4013610000,321108393,33.9193497,-112.1723145
4013610100,21772817,33.8921677,-112.1072354
4013610200,10055117,33.8634136,-112.1071558
4013610300,6981940,33.8505737,-112.1337942
4013610400,3451030,33.8483017,-112.1094978
4013610500,32163989,33.8390081,-112.0893313
4013610600,9179753,33.8081662,-112.1032252
4013610700,106335796,33.8545369,-112.0204517
4013610800,52180882,33.7754306,-112.2443648
4013610900,25598120,33.7177439,-112.2644275
4013611000,5478889,33.731013,-112.2365683
4013611100,5855141,33.7207417,-112.249325
4013611200,4906254,33.7109832,-112.2114564
4013611300,56135262,33.7800563,-112.1502101
4013611400,5456430,33.7282754,-112.1955054
4013611500,5609200,33.7249711,-112.1753495
4013611600,4477163,33.7200705,-112.1508346
4013611700,7559773,33.7051897,-112.1776261
4013611800,2577142,33.7055157,-112.1436291
4013611900,10564411,33.7239873,-112.1330172
4013612000,14696688,33.7872015,-112.0784639
4013612200,22974694,33.7525851,-112.090298
4013612300,23251950,33.7160876,-112.0862008
4013612400,55860180,33.7557625,-112.0292045
4013612500,6822789,33.7865315,-111.9835402
4013612600,1327101,33.764366,-111.9903161
4013612700,2288891,33.7597212,-111.9796477
4013612800,2193739,33.7467964,-111.9875678
4013612900,2475515,33.748082,-111.9690731
4013613000,10032375,33.7793097,-111.9569306
4013613100,5836209,33.789106,-111.9405235
4013613200,10384928,33.7556916,-111.9432722
4013613300,37876889,33.7193678,-111.9670813
4013613400,3893307,33.6799857,-112.2968702
4013613500,2594025,33.6812081,-112.2837522
4013613600,6370726,33.6843822,-112.2656923
4013613700,2236794,33.6721517,-112.253704
4013613800,3714447,33.6842501,-112.245685
4013613900,4405403,33.6832473,-112.2302659
4013614000,2575545,33.689017,-112.2117434
4013614100,3292875,33.6735234,-112.2158116
4013614200,5115788,33.6834538,-112.1965221
4013614300,12409426,33.6918675,-112.1616595
4013614400,2249784,33.6770864,-112.1413315
4013614500,3535941,33.6916139,-112.1237614
4013614600,3382352,33.676414,-112.1236581
4013614700,14918047,33.6897136,-112.087313
4013614800,1973896,33.6727311,-112.0866239
4013614900,5699345,33.6801404,-112.0418969
4013615000,15250098,33.683144,-112.0007586
4013615100,2254775,33.6905962,-111.9784915
4013615200,26693822,33.6810248,-111.9448817
4013615300,2684392,33.6597474,-112.3007253
4013615400,2595527,33.6597444,-112.2813921
4013615500,2613678,33.6612565,-112.265831
4013615600,3075261,33.6602914,-112.2446551
4013615700,1976540,33.6584742,-112.2267141
4013615800,2618773,33.6553978,-112.2120123
4013615900,2421942,33.6611716,-112.195502
4013616000,2493653,33.6614423,-112.1778366
4013616100,1398374,33.6654834,-112.1605133
4013616200,1234924,33.6580902,-112.1604028
4013616300,2683258,33.6637508,-112.1458829
4013616400,3039168,33.6612535,-112.1205818
4013616500,2012363,33.6616059,-112.1067463
4013616600,2537641,33.6619201,-112.0913975
4013616700,2475485,33.6617256,-112.0742002
4013616800,2469400,33.6619108,-112.0570746
4013616900,2753675,33.6625505,-112.0392348
4013617000,3998321,33.6665053,-112.0224747
4013617100,977413,33.6671703,-112.0092022
4013617200,959868,33.6588328,-112.0072161
4013617300,1165367,33.6580881,-111.9920762
4013617400,6780967,33.6480116,-112.2983869
4013617500,3252438,33.6466847,-112.2693812
4013617600,2475563,33.6456792,-112.2462816
4013617700,2676742,33.6452364,-112.2291917
4013617800,2834633,33.6470072,-112.2098091
4013617900,2389134,33.6445885,-112.1949954
4013618000,2764808,33.6466694,-112.1777514
4013618100,2713802,33.6462322,-112.1636304
4013618200,1305209,33.6509826,-112.143182
4013618300,1413808,33.6433998,-112.1431656
4013618400,1488787,33.6510443,-112.1245354
4013618500,1507496,33.643589,-112.1248723
4013618600,2295575,33.6472713,-112.1073368
4013618700,1258865,33.6510365,-112.0912816
4013618800,1258101,33.6437995,-112.0912883
4013618900,2571784,33.6465683,-112.0756239
4013619000,1289386,33.6512354,-112.0569396
4013619100,326526,33.6439455,-112.0633646
4013619200,969174,33.6439834,-112.0547014
4013619300,1309963,33.6513489,-112.0395987
4013619400,1295292,33.6440787,-112.0395291
4013619500,2588572,33.6478148,-112.0221949
4013619600,2578786,33.6471778,-112.0047736
4013619700,1408302,33.6515895,-111.9868183
4013619800,1416460,33.6442985,-111.9867651
4013619900,3437757,33.6461103,-111.9641192
4013723303,40880545,33.3385368,-112.3796115
4013723304,736406443,33.2233145,-112.3865761
4013723305,1318874577,32.9198542,-113.1159749
4013723306,2321177435,32.9669436,-112.4340439
4013723307,19055502,33.3693212,-112.4319377
4013723308,35836133,33.3307488,-112.4327351
4013810000,2781472,33.3293353,-111.958637
4013810100,5126670,33.3293466,-111.9224006
4013810200,1297885,33.323861,-111.9025212
4013810300,2593011,33.3276705,-111.885051
4013810400,5401803,33.3154245,-111.9588401
4013810500,2915986,33.3133782,-111.9361379
4013810600,3561800,33.3154956,-111.9193276
4013810700,2512819,33.3129045,-111.9028025
4013810800,2713516,33.3131884,-111.8853929
4013810900,2719021,33.298197,-111.9365743
4013811000,2452676,33.2981368,-111.9193707
4013811100,2537583,33.2982927,-111.9026265
4013811200,2710766,33.2986622,-111.8852453
4013811300,1295521,33.3244286,-111.8154898
4013811400,2579338,33.3135826,-111.815504
4013811500,1323120,33.3102157,-111.7983227
4013811600,2598747,33.2990273,-111.81557
4013811700,2574405,33.2991443,-111.7984127
4013811800,2723008,33.2836801,-111.8848646
4013811900,2738674,33.2838493,-111.8674476
4013812000,2639936,33.284067,-111.8501598
4013812100,4382831,33.2875475,-111.8135421
4013812200,5268215,33.2688801,-111.8759427
4013812300,2557277,33.2692571,-111.8500193
4013812400,16522198,33.2686292,-111.8045642
4013812500,1150225,33.268879,-111.7843237
4013812600,3682788,33.2570676,-111.8736279
4013812700,2862479,33.2541964,-111.8506414
4013812800,5110958,33.2560221,-111.7897435
4013812900,1922045,33.2390719,-111.8692301
4013813000,5853662,33.2340884,-111.8512644
4013813100,2613070,33.2404309,-111.8326323
4013813200,2582749,33.2407344,-111.8153055
4013813300,5123304,33.2411878,-111.7895164
4013813400,5219077,33.218611,-111.8322059
4013813500,5170476,33.2243965,-111.8108669
4013813600,5109099,33.2264862,-111.7723597
4013813700,2574860,33.2111576,-111.8497733
4013813800,2589729,33.2116679,-111.8151375
4013813900,2572124,33.211912,-111.7977869
4013814000,2482993,33.2119505,-111.7808712
4013814100,2568189,33.2119562,-111.7639992
4013814200,1256531,33.3322863,-111.8176975
4013814300,2527771,33.32815,-111.7984309
4013814400,2540388,33.3283005,-111.7814918
4013814500,2587675,33.3284094,-111.7643407
4013814600,5329279,33.3210684,-111.7471608
4013814700,2547642,33.3264204,-111.7332527
4013814800,5086910,33.3287414,-111.7041126
4013814900,3766807,33.3149376,-111.7869043
4013815000,2456794,33.3139322,-111.7646489
4013815100,2544273,33.3141585,-111.7296951
4013815200,5401083,33.3144915,-111.7030281
4013815300,4847570,33.295471,-111.7816178
4013815400,10646295,33.2896735,-111.7504872
4013815500,5170124,33.3050245,-111.7372455
4013815600,5279081,33.298222,-111.697863
4013815700,2121114,33.2859707,-111.7135109
4013815800,2836127,33.2844824,-111.6971483
4013815900,11816657,33.2640582,-111.7579586
4013816000,23977995,33.2367361,-111.7386687
4013816100,2861358,33.2694916,-111.7085972
4013816200,1814041,33.2730108,-111.6935538
4013816300,5556620,33.2563963,-111.7028929
4013816400,7774482,33.2265775,-111.7118641
4013816500,7969471,33.2268114,-111.6945158
4013816600,3055128,33.2751553,-111.6800201
4013816700,2839851,33.2572261,-111.6776263
4013816800,6434654,33.2582446,-111.655922
4013816900,24422542,33.259675,-111.6129402
4013817000,7772321,33.2416507,-111.656567
4013817100,6900608,33.237184,-111.6211692
4013817200,26709591,33.2178051,-111.6388916
4013817300,5136543,33.224064,-111.8708142
4013817400,2616275,33.2092441,-111.8860421
4013817500,2630982,33.2109369,-111.867066
4013817600,45013898,33.311807,-111.6313607
4013940700,385748998,32.5696,-112.417556
4013941000,297557717,33.288526,-112.1749496
4013941100,90378183,33.2338075,-111.9576919
4013941200,99906303,33.6461625,-111.6598954
4013941300,212603926,33.5222009,-111.7981089
4013980100,2912583750,32.7253646,-112.9041112
4013980400,3915499,33.2980736,-111.9587909
4013980500,3584287,33.2439248,-111.8863309
4013980600,9912304,33.3410684,-111.6172105
4013980700,85318132,33.6921146,-111.7598427
4015940400,1765782499,35.7257711,-113.6308782
4015940501,70753978,34.9604936,-114.6151249
4015950100,13105719039,36.5169631,-113.3837804
4015950401,610023383,35.5697848,-114.1715227
4015950402,4825161538,35.7876802,-114.2151959
4015950500,1254681660,35.3440101,-114.3630098
4015950600,494179067,35.2357209,-114.2295363
4015950703,2807022,35.259149,-114.0251199
4015950704,311558410,35.3785609,-113.9659852
4015950705,8555097,35.2457168,-114.00373
4015950706,2894871,35.2591468,-113.998502
4015951401,15195603,35.1771144,-114.5296203
4015951402,139189455,35.1336496,-114.4816885
4015951501,5993101,35.1099927,-114.584589
4015951502,32077866,35.0832694,-114.5583372
4015951601,2243102,35.1163835,-114.602981
4015951602,2490099,35.1138649,-114.6234881
4015951700,3774605,35.1036731,-114.6254
4015951800,3648438,35.0963207,-114.6188545
4015951900,9266141,35.0641211,-114.5950403
4015952001,4074840,35.0502209,-114.5767903
4015952002,291198265,34.8727832,-114.4788286
4015952003,29870589,35.0416913,-114.5430124
4015952004,9936988,35.0150222,-114.5844219
4015952400,295659735,34.6247879,-114.3458669
4015952500,26258508,34.5276897,-114.3353486
4015952600,8562561,34.4940196,-114.3579078
4015952700,4899658,34.5081953,-114.3204536
4015952800,18379040,34.5088803,-114.2735816
4015952900,5321574,34.4810845,-114.3064833
4015953000,6364348,34.4884297,-114.3247882
4015953100,2851622,34.4710009,-114.3306979
4015953200,11730244,34.4599908,-114.3617713
4015953300,6220572,34.4818248,-114.2795315
4015953401,8424216,34.4563663,-114.2940405
4015953402,600258147,34.3823864,-114.0806258
4015953601,30773374,35.1949046,-113.9873102
4015953602,23132158,35.1804193,-114.0491598
4015953800,7596561,35.2066893,-114.0371554
4015953900,35298658,35.242511,-113.9746315
4015954800,10257916796,34.8405587,-113.7617762
4015954900,22409506,35.2440074,-114.0595146
4015955000,102371030,34.8434259,-114.5553254
4017940008,1013396829,36.291957,-110.2982373
4017940010,357566789,36.0218011,-110.1118807
4017940011,761705246,36.1694977,-110.1756033
4017940012,2063321293,36.0383191,-110.6137878
4017940013,2365823441,35.7509151,-110.3264235
4017940014,1544078410,35.4148965,-110.0036724
4017940015,2160371377,35.3510601,-110.4421656
4017940100,2275148677,34.1330067,-110.3414721
4017940301,22898724,33.853378,-109.9788321
4017940302,349918674,33.7298265,-109.926978
4017942300,1687287217,36.6840509,-110.6114408
4017942400,2466379641,36.6207929,-110.425448
4017942500,89659062,36.7154476,-110.2384836
4017960100,540786373,35.0823669,-110.0053042
4017960200,1010707476,34.8537838,-110.0427443
4017960400,339104755,35.1110317,-110.5813952
4017960500,2607555181,34.8941297,-110.448289
4017960600,77168415,35.1103802,-110.7070767
4017961300,13572296,34.1596554,-109.9940945
4017961700,45560511,34.21212,-110.0289293
4017962500,15826303,34.1236048,-109.9520323
4017963300,732038763,34.6049842,-110.2274278
4017963400,634624824,34.6202365,-109.9875343
4017963700,15058781,34.409618,-110.5457694
4017963800,376275109,34.440682,-110.0453193
4017964201,22589816,34.4126384,-110.5865747
4017964202,1442857190,34.4058906,-110.5058876
4017964800,170315455,34.2757413,-110.1592972
4017964900,25606624,34.1239036,-109.88877
4017965200,15118000,34.2646275,-110.0518753
4017965300,527772997,34.2725505,-109.9612285
4019000100,777385,32.2208655,-110.9710287
4019000200,1944693,32.2246886,-110.9871294
4019000300,1250509,32.23231,-110.9771941
4019000400,1874753,32.2308642,-110.9662498
4019000500,2417265,32.2300551,-110.9526249
4019000600,2824435,32.2337244,-110.9360708
4019000700,3219653,32.2161545,-110.9386269
4019000800,3193895,32.2121452,-110.95636
4019000900,1304457,32.2107031,-110.9692003
4019001000,1116445,32.2129037,-110.9771935
4019001100,1251297,32.2325808,-110.9927473
4019001200,4075121,32.2430038,-110.9956637
4019001302,1669094,32.244417,-110.9754516
4019001303,967938,32.2556507,-110.9822535
4019001304,1622243,32.2558909,-110.9708483
4019001400,2060703,32.2466805,-110.9620427
4019001500,2458436,32.2473214,-110.9509911
4019001600,2334102,32.2481593,-110.938363
4019001700,1408868,32.2641319,-110.9313541
4019001801,2429820,32.2492877,-110.9209011
4019001802,1126134,32.2382255,-110.9212062
4019001900,5198491,32.2202429,-110.920463
4019002000,4848457,32.2008452,-110.9255985
4019002100,6069337,32.1865119,-110.927968
4019002201,3402486,32.1727642,-110.9531268
4019002202,4121314,32.1927418,-110.9519364
4019002300,2657432,32.1954687,-110.9691471
4019002400,3130488,32.1780313,-110.9687003
4019002501,6748191,32.1897906,-110.9843394
4019002503,2781210,32.1877205,-110.9946412
4019002504,2100244,32.1698818,-110.9985872
4019002505,2495607,32.1554437,-111.0001052
4019002506,5638655,32.1337396,-111.002285
4019002602,2095778,32.2692028,-110.9582158
4019002603,856954,32.2639168,-110.9670778
4019002604,2467708,32.2691453,-110.9766652
4019002702,3262295,32.272288,-110.9366015
4019002703,1634688,32.2641229,-110.949371
4019002704,1266162,32.2792401,-110.9482516
4019002801,1126149,32.2682506,-110.9184398
4019002802,1292586,32.2614084,-110.9182965
4019002803,839613,32.256109,-110.9206905
4019002901,2581273,32.2506628,-110.9011702
4019002904,2897305,32.2535518,-110.8839838
4019002905,1967765,32.2647271,-110.9033842
4019002906,2314507,32.2655329,-110.8904563
4019003002,2669144,32.2361705,-110.8666887
4019003003,2053859,32.2471612,-110.8661956
4019003004,1873947,32.256844,-110.8685444
4019003101,2250340,32.2387686,-110.9040523
4019003102,2034671,32.2373117,-110.882889
4019003200,2982154,32.2295599,-110.9002417
4019003302,2588600,32.2137823,-110.8494662
4019003303,3004756,32.2206105,-110.8666444
4019003304,1901657,32.2228662,-110.8821858
4019003400,3345066,32.2162346,-110.8976598
4019003501,3235155,32.2030056,-110.8968812
4019003502,2492262,32.2087025,-110.8755984
4019003503,1656457,32.1992251,-110.8726032
4019003504,1317492,32.1995907,-110.8622294
4019003600,43976735,32.1612127,-110.8488608
4019003702,2886415,32.1409816,-110.9583137
4019003704,1469431,32.1412708,-110.9728113
4019003705,2605071,32.1266374,-110.9691721
4019003706,1371036,32.1596545,-110.9523197
4019003707,1522818,32.1518293,-110.9522876
4019003801,1157771,32.169973,-110.9734783
4019003802,2897038,32.1564009,-110.9707923
4019003901,1897095,32.1550234,-110.9860435
4019003902,2419803,32.1413315,-110.9855157
4019003903,2293921,32.1265026,-110.9851617
4019004008,2496895,32.1990359,-110.8497002
4019004010,1976147,32.2133968,-110.8343962
4019004011,3679836,32.1985657,-110.8290507
4019004022,4199627,32.1997588,-110.8038746
4019004025,11347545,32.2817418,-110.8209305
4019004026,15809395,32.1966554,-110.7581644
4019004029,2572576,32.1701448,-110.8323974
4019004030,3902042,32.2623955,-110.8539465
4019004031,2292435,32.2569005,-110.8325423
4019004032,3369955,32.2434579,-110.8325893
4019004033,1286468,32.188329,-110.8494049
4019004034,1200562,32.181205,-110.8489102
4019004035,2034732,32.185844,-110.8124254
4019004036,1264675,32.1809029,-110.8154035
4019004037,1302524,32.1882903,-110.832393
4019004038,1297755,32.1810089,-110.8323763
4019004039,1130341,32.2294703,-110.8279114
4019004042,2595830,32.228142,-110.7812321
4019004043,2584014,32.2135906,-110.7812274
4019004044,10492607,32.2245446,-110.7511184
4019004046,2093956,32.2429728,-110.8150955
4019004047,2575504,32.2439334,-110.8038746
4019004048,2605951,32.2281566,-110.7982758
4019004049,2589800,32.2135965,-110.7982747
4019004050,7262925,32.2745215,-110.7642521
4019004051,32975298,32.2740611,-110.7247798
4019004052,668848186,32.4001643,-110.6186622
4019004053,7223138,32.2766937,-110.8011077
4019004054,3745088,32.2840302,-110.781441
4019004055,8226992,32.2541063,-110.7815915
4019004056,1935092,32.1851298,-110.7961136
4019004057,3421713,32.1819927,-110.780578
4019004058,6787515,32.169448,-110.8007526
4019004061,873856088,32.1497484,-110.5710527
4019004062,40682723,32.0765828,-110.7438548
4019004063,18994881,32.1387607,-110.7687946
4019004064,35752715,32.1128359,-110.7222785
4019004065,1508692,32.1056985,-110.788797
4019004066,1057208,32.0974037,-110.7770346
4019004067,1851359,32.2405665,-110.849048
4019004068,4057575,32.2279672,-110.8444766
4019004069,2067353,32.2139514,-110.8211377
4019004070,1144433,32.2138056,-110.8106328
4019004071,1333184,32.2287665,-110.8193648
4019004072,1256188,32.2276876,-110.8110436
4019004073,26292942,32.1169674,-110.8242738
4019004074,9899711,32.0862173,-110.7888611
4019004107,488292295,31.8530606,-110.7828482
4019004109,778838503,31.8894564,-110.6151633
4019004110,1290022,32.1560266,-110.9391656
4019004112,2161609,32.1459532,-110.8998957
4019004113,2909152,32.0677207,-110.867177
4019004114,120173295,32.0166782,-110.9098986
4019004115,3179814,32.1434925,-110.9186326
4019004116,1270474,32.1384937,-110.9029842
4019004117,4741570,32.1605422,-110.9276866
4019004118,15329418,32.1512228,-110.8922273
4019004119,125679743,31.8702018,-110.916449
4019004120,135232010,31.7740178,-110.9544319
4019004121,59602779,32.1037614,-110.9113921
4019004122,3328485,32.1414071,-110.9370743
4019004125,12255062,32.0890464,-110.8383512
4019004307,5666031,31.8734718,-110.9841747
4019004310,9580209,32.1690786,-111.0316043
4019004311,10960069,32.1496181,-111.0512363
4019004312,5277471,32.1447324,-111.0277887
4019004313,155793392,32.027364,-111.2708386
4019004316,2584820013,31.7500778,-111.3591984
4019004317,3743827,31.8736368,-110.9930679
4019004320,6512389,32.1220288,-111.0585493
4019004321,2288898,32.1263157,-111.0364601
4019004322,5411157,32.1156901,-111.0306617
4019004323,8121787,31.9772619,-110.963758
4019004324,22260245,31.789241,-111.0148197
4019004325,89807439,31.8204799,-111.0919521
4019004326,15121168,31.9323604,-110.9733153
4019004327,109649286,31.9439239,-111.0346923
4019004328,33306887,31.843867,-111.0375866
4019004329,8579768,31.9837467,-110.9797993
4019004330,2622679,31.8565598,-111.0026339
4019004331,5461783,31.8838284,-111.007562
4019004332,4622225,31.8689737,-111.0166183
4019004333,13008468,32.1513189,-111.0859195
4019004334,41221308,32.122752,-111.1467364
4019004404,3595119,32.1900152,-111.0858689
4019004407,3727285,32.1941491,-111.0052867
4019004411,12702416,32.2473485,-111.0460112
4019004412,6634017,32.2634748,-111.0329343
4019004413,2769009,32.2430537,-111.0296803
4019004414,1861814,32.2421038,-111.0142411
4019004415,7867239,32.2195864,-111.0067626
4019004418,27016355,32.3086954,-111.0649581
4019004419,96665363,32.4434384,-111.3215933
4019004421,61986417,32.2060994,-111.1549952
4019004422,47200565,32.2041822,-111.0630752
4019004423,71862683,32.3352662,-111.1808676
4019004424,309184117,32.131615,-111.3141622
4019004425,970589318,32.3829457,-111.4550797
4019004426,4848776,32.3480443,-111.0872629
4019004427,16112199,32.3788298,-111.13175
4019004428,111689703,32.2719335,-111.1260458
4019004429,11823608,32.3430445,-111.1191012
4019004430,57641656,32.4316723,-111.2554718
4019004431,40447604,32.4088335,-111.1833437
4019004504,8965172,32.2675735,-111.0101291
4019004505,1913435,32.2711694,-110.9918648
4019004506,3435211,32.3023531,-111.0270101
4019004508,3074818,32.2849076,-110.9857186
4019004510,1842776,32.2866046,-110.9671622
4019004511,1613445,32.2796583,-110.9669487
4019004512,3594271,32.2911491,-111.0106422
4019004513,1145771,32.2836988,-111.0027617
4019004610,4256183,32.3148779,-111.0236395
4019004613,3998966,32.3286184,-111.0472414
4019004614,5546052,32.344588,-110.9944611
4019004615,5335844,32.3301207,-110.9945184
4019004616,4363410,32.31069,-111.0032124
4019004617,1996666,32.3183972,-110.9851563
4019004618,3464391,32.3035958,-110.9870329
4019004619,6802771,32.3837559,-110.981418
4019004620,3138891,32.3723894,-110.9783892
4019004621,3306685,32.3613724,-111.0052891
4019004622,3511887,32.3593044,-110.9839524
4019004623,5837050,32.3647046,-111.030723
4019004624,3190280,32.3486878,-111.0391555
4019004625,2219966,32.3515271,-111.0211669
4019004626,1686701,32.3421269,-111.0209485
4019004627,1275643,32.330309,-111.0333018
4019004628,2416105,32.3301897,-111.0208646
4019004630,5011508,32.388118,-111.0635509
4019004631,3878688,32.3844195,-111.0383759
4019004632,3868936,32.3844689,-111.0213325
4019004633,4563260,32.3929564,-110.997151
4019004634,12609400,32.4081761,-111.0348829
4019004635,6889100,32.4031955,-110.9893838
4019004636,7614168,32.4168474,-110.9869508
4019004638,187545415,32.471118,-111.1088554
4019004639,37059160,32.403264,-111.098833
4019004640,22256527,32.4623892,-110.9936469
4019004641,7280902,32.4311735,-110.9884729
4019004642,16039896,32.4342704,-110.9529792
4019004643,23540927,32.4843418,-110.9506729
4019004644,4717609,32.3688821,-111.0576095
4019004645,2856886,32.3719508,-111.0733943
4019004646,4664651,32.3524508,-111.0677699
4019004647,2398893,32.3446692,-111.0549946
4019004710,4308763,32.2837353,-110.9359423
4019004711,10349611,32.3080102,-110.9197539
4019004712,9369393,32.2915675,-110.9081709
4019004713,10687922,32.3485991,-110.954349
4019004714,10518016,32.3308559,-110.9410608
4019004715,11996238,32.498677,-110.9047254
4019004716,341051368,32.4280937,-110.8396689
4019004717,5198676,32.3301564,-110.8926307
4019004718,2730965,32.3159296,-110.8839199
4019004719,15638963,32.3230188,-110.8497752
4019004720,2996674,32.2987511,-110.867221
4019004721,5430715,32.2769247,-110.8607464
4019004722,6827713,32.2898394,-110.8482194
4019004723,3772336,32.2983493,-110.8329788
4019004724,7099403,32.288972,-110.8838153
4019004725,4482153,32.3090255,-110.9691791
4019004726,8436198,32.3087678,-110.9476371
4019005200,3975934848,32.2166477,-112.9777256
4019005300,18550994,32.2429338,-110.7277087
4019940600,1732982331,32.2942119,-112.0374666
4019940700,3312462395,32.1467601,-112.4666661
4019940800,4731181445,31.9690517,-111.8293137
4019940900,288737094,32.0552571,-111.0853
4019941000,9063536,32.1156625,-111.0798626
4021000201,791042226,33.3617396,-111.2381286
4021000204,26536864,33.2708808,-111.5700638
4021000205,5167953,33.2345092,-111.5546541
4021000206,23402046,33.2055385,-111.5420838
4021000207,278643242,33.2304929,-111.4375975
4021000208,64491949,33.1528795,-111.4745501
4021000209,8933682,33.1998433,-111.5896419
4021000210,11503815,33.1769393,-111.5620453
4021000211,5434185,33.1544205,-111.5390565
4021000212,11228998,33.1326018,-111.5190397
4021000213,17791484,33.138393,-111.5621291
4021000214,6865666,33.1818465,-111.6014402
4021000215,81318504,33.1568998,-111.6387846
4021000307,26610768,33.4508081,-111.5387604
4021000308,3884855,33.425936,-111.5720113
4021000309,3878737,33.4260201,-111.5546824
4021000310,8541206,33.4204328,-111.5259361
4021000311,16583748,33.4317042,-111.4926996
4021000312,2515241,33.4113667,-111.5637657
4021000313,2588144,33.4005789,-111.5719817
4021000314,2578102,33.4005792,-111.5547185
4021000315,5095459,33.4007996,-111.5293903
4021000316,31885034,33.385386,-111.4658192
4021000317,5150055,33.3861722,-111.5638799
4021000318,5263513,33.3861805,-111.528639
4021000319,95302935,33.3445028,-111.4984879
4021000400,94053424,33.2774212,-111.0850209
4021000603,9185899,32.5226485,-110.9026222
4021000604,93699861,32.5506259,-110.8592663
4021000700,53673060,32.6060297,-110.6471133
4021000801,138259166,33.0667931,-111.4531108
4021000802,2420476747,32.7476259,-111.1996372
4021000803,219712413,33.0443126,-111.2751963
4021000901,9025027,33.0458934,-111.3787206
4021000902,9380504,33.0177338,-111.4041698
4021001000,36959985,32.97727,-111.5023237
4021001100,40647456,32.9840426,-111.5540354
4021001200,231037535,32.9049354,-111.5646675
4021001301,25889143,32.9309254,-111.7740229
4021001303,44055627,32.948966,-111.6901991
4021001304,34312636,32.9407026,-111.7240485
4021001305,10656905,32.9236049,-111.7397102
4021001306,5283123,32.9014574,-111.739916
4021001403,2622433,32.8868409,-111.7486392
4021001404,2620911,32.8868468,-111.7313053
4021001405,5385124,32.8868877,-111.7048939
4021001406,17706487,32.8544129,-111.7404187
4021001407,19097321,32.8534556,-111.7035922
4021001408,20853911,32.8645508,-111.6698954
4021001500,30928484,32.8665576,-111.7804635
4021001600,297274514,32.9011703,-111.8478724
4021001701,97509677,33.0348282,-112.155609
4021001702,10465965,33.0768783,-112.0678102
4021001703,2013232,33.0672591,-112.0548659
4021001704,4357453,33.0491202,-112.05986
4021001705,3985583,33.0789461,-112.0255707
4021001706,2434954,33.063293,-112.0381485
4021001707,2598328,33.051521,-112.0405241
4021001708,5295512,33.0553653,-112.0192723
4021001709,5162598,33.0730496,-112.0048051
4021001710,31959843,33.0526638,-111.965909
4021001711,43963407,33.0176628,-111.9912839
4021001900,113082132,32.7832209,-111.6666639
4021002001,60640462,32.8139428,-111.6064769
4021002002,49816381,32.8106175,-111.5411028
4021002003,9944890,32.7517677,-111.5350247
4021002101,10213183,32.75216,-111.6759105
4021002102,173519353,32.6940912,-111.5943247
4021002103,834066621,32.593809,-111.5851591
4021002200,1482921756,32.8401884,-110.8896496
4021002300,976512112,33.1734414,-111.1026491
4021002400,1535532688,32.8239902,-110.5866695
4021941200,495549176,33.0826912,-111.6927414
4021941300,633176289,33.126662,-111.9872487
4021941400,1897713412,32.7426854,-112.0121319
4023966000,1440185726,31.5664619,-110.6410279
4023966101,425240595,31.6437417,-111.0437434
4023966103,9551436,31.412766,-110.9438111
4023966104,576543744,31.4430891,-110.8696338
4023966105,665648519,31.4535648,-111.1181423
4023966200,15846564,31.3640301,-110.9636676
4023966301,54277124,31.3729012,-110.8992853
4023966302,5757647,31.35567,-110.9236065
4023966401,8065200,31.349749,-110.947213
4023966402,2496694,31.3412964,-110.9417284
4025000202,485918306,34.8468205,-112.352084
4025000203,91500315,34.7099289,-112.4849161
4025000204,337834814,34.9421687,-112.6127303
4025000300,44019886,34.6268166,-112.4437036
4025000401,7929937,34.587384,-112.4551554
4025000402,7606198,34.5757971,-112.4542317
4025000500,57085085,34.5820942,-112.3959331
4025000604,2800931,34.6081567,-112.3321234
4025000605,14830665,34.6118009,-112.350348
4025000606,6575549,34.5935305,-112.3306643
4025000607,37426274,34.5595739,-112.3138676
4025000608,5286657,34.628803,-112.3144821
4025000609,3661560,34.6130995,-112.3049518
4025000610,17186618,34.5863785,-112.2822925
4025000700,269079109,34.4817618,-112.3857423
4025000801,5303299,34.5235619,-112.4656362
4025000802,16256562,34.5343882,-112.4311842
4025000900,4857003,34.5516774,-112.4665283
4025001001,12490965,34.5736632,-112.4937563
4025001002,79403904,34.5684409,-112.5849163
4025001101,23416401,34.52681,-112.5239501
4025001102,30215021,34.4940941,-112.5149103
4025001200,2820866354,34.7566103,-112.8335281
4025001300,1358839841,34.5733844,-113.1438803
4025001401,283942736,34.2362165,-112.1420787
4025001402,2719498436,34.1668741,-112.4686757
4025001403,2390285098,34.2058928,-112.9950334
4025001500,2617108947,34.2769131,-111.8532086
4025001601,52264266,34.6026745,-111.8994148
4025001602,886566801,34.5875069,-111.6724096
4025001603,247742942,34.6284873,-111.8039333
4025001701,99083230,34.7131347,-111.9229917
4025001702,142278812,34.7679691,-111.8378742
4025001703,32415089,34.7817127,-111.732393
4025001801,34728667,34.8346564,-111.8288844
4025001802,431519233,34.900897,-111.9203748
4025001900,1296491050,34.7423904,-112.1729447
4025002001,6611015,34.7425159,-112.0245205
4025002002,28419334,34.6734047,-111.9696846
4025002003,6648057,34.721404,-111.9944815
4025002004,81562831,34.6965674,-112.0539456
4025002100,3942238574,35.1475628,-112.9773002
4027000100,3987684,32.7116299,-114.618395
4027000200,1604891,32.7188039,-114.6285925
4027000301,3372588,32.7270455,-114.649318
4027000302,1576632,32.7160944,-114.6395091
4027000402,3148072,32.7147482,-114.6796904
4027000403,798519,32.7096331,-114.6621621
4027000404,1668671,32.7177743,-114.6588001
4027000501,1279028,32.7019879,-114.6525006
4027000502,1707036,32.7127129,-114.6493981
4027000600,2003874,32.7048029,-114.634604
4027000700,3206928,32.6908265,-114.6145067
4027000800,2315471,32.6921404,-114.6324654
4027000901,1572038,32.6903363,-114.6459657
4027000902,1301832,32.6911766,-114.6547518
4027000903,1933211,32.7020465,-114.6718823
4027000905,3891975,32.6910984,-114.6718773
4027000907,4386848,32.6798566,-114.6520676
4027000908,23008522,32.6474717,-114.6627562
4027001001,8631396,32.6577493,-114.6279985
4027001003,971560,32.6729493,-114.6266319
4027001004,1661743,32.6778357,-114.6314724
4027001100,2193250,32.67363,-114.6112962
4027001200,4929227,32.6804775,-114.5942654
4027010905,7260653,32.6872519,-114.4575516
4027010907,8642390,32.684001,-114.4301138
4027010910,54710373,32.704247,-114.3909806
4027010911,16435817,32.6876097,-114.5114039
4027010913,23770036,32.703274,-114.5659159
4027010914,217272836,32.7808796,-114.4657799
4027011000,68647409,32.673745,-114.715965
4027011104,10865260,32.6563677,-114.4784558
4027011106,20866894,32.6543894,-114.5197777
4027011107,24914381,32.6515565,-114.5553571
4027011108,2582720,32.6633152,-114.4525375
4027011110,3772483,32.6630821,-114.431877
4027011111,24721446,32.6403588,-114.4500016
4027011112,3094716,32.6543956,-114.4031434
4027011114,1653306,32.6360368,-114.405399
4027011115,29689803,32.6432185,-114.3610248
4027011201,411800204,32.6994655,-114.2345764
4027011202,531528686,32.7400573,-113.9309464
4027011403,2898375,32.4924714,-114.7770437
4027011405,1644387,32.4893616,-114.765078
4027011406,20997079,32.4957374,-114.7375401
4027011501,100025308,32.5889647,-114.7310775
4027011503,3204589,32.6046493,-114.7071384
4027011504,8926378,32.5781924,-114.7164062
4027011600,42089519,32.5270569,-114.7653807
4027011700,2938061,32.6795537,-114.4707932
4027011800,201002378,32.5432472,-114.6277688
4027012100,6506572597,33.1077362,-113.8376677
4027980003,1854900714,32.242892,-113.5327972
4027980004,3918131762,32.5280935,-113.9139011
4027980005,56420991,32.4621032,-114.6193241
4027980006,18133104,32.6458708,-114.6012703
