25001010100,25046220,42.0598291,-70.2004073
25001010206,51240913,41.9226356,-70.0153685
25001010208,54268867,42.01356,-70.0641518
25001010304,18347850,41.825108,-69.9762027
25001010306,17828555,41.8593758,-69.9826347
25001010400,15586906,41.7541457,-69.9861243
25001010500,21096182,41.7662035,-69.941451
25001010600,14706690,41.6995108,-69.9561701
25001010700,27186047,41.6185172,-69.9812765
25001010800,28386807,41.7434889,-70.1009106
25001010900,31029400,41.7460505,-70.0354744
25001011002,21450907,41.6936245,-70.1052885
25001011100,19217590,41.7106311,-70.0390989
25001011200,13422840,41.6794471,-70.0549755
25001011300,13113166,41.7302281,-70.1973983
25001011400,15366938,41.7329758,-70.1527866
25001011500,11168266,41.696955,-70.1544713
25001011600,6356636,41.6637873,-70.1363983
25001011700,7335246,41.6639738,-70.168084
25001011801,9154203,41.7147036,-70.237039
25001011802,13808026,41.6945283,-70.2128172
25001012001,10330431,41.6813534,-70.1931061
25001012002,5771690,41.6543614,-70.2047476
25001012101,13695215,41.6676372,-70.2359515
25001012102,9779790,41.6289275,-70.2518265
25001012200,47737959,41.7027836,-70.3170066
25001012502,5963438,41.6392454,-70.2929762
25001012601,3467389,41.6624989,-70.3180404
25001012602,3331530,41.6561004,-70.2993941
25001012700,9606912,41.6439568,-70.342159
25001012800,7807708,41.670131,-70.3494601
25001012900,6094061,41.6665236,-70.3680853
25001013002,15528756,41.6279841,-70.3920127
25001013100,22908188,41.680438,-70.4223405
25001013200,19561714,41.6316917,-70.4353237
25001013300,12813862,41.763271,-70.5006694
25001013400,21892830,41.742102,-70.4343487
25001013500,23627029,41.6967999,-70.4495131
25001013600,18678698,41.7037578,-70.4902898
25001013700,13702859,41.764263,-70.5943904
25001013800,12577900,41.7843981,-70.5377361
25001013900,15683036,41.727041,-70.6050598
25001014002,19449928,41.6823007,-70.6160401
25001014100,82260740,41.7078392,-70.5455195
25001014300,15892134,41.627458,-70.6315244
25001014402,41042965,41.6075543,-70.6107028
25001014500,17332648,41.5887538,-70.5327315
25001014600,12368026,41.5777644,-70.557593
25001014700,6280600,41.5622625,-70.573749
25001014800,5278773,41.5551393,-70.6057531
25001014900,15917209,41.5458313,-70.6379995
25001015001,10259354,41.6563467,-70.4748257
25001015002,14129512,41.6361365,-70.5110013
25001015100,16635734,41.6104971,-70.4866035
25001015200,15250828,41.5710571,-70.4888458
25001015300,13212200,41.6750232,-70.2914324
25001990000,0,41.7986577,-70.2142372
25003900100,1264253,42.4517006,-73.2529007
25003900200,1338731,42.4557477,-73.2413519
25003900300,2747524,42.4680494,-73.241982
25003900400,12759520,42.4791481,-73.2549776
25003900500,28227203,42.4607536,-73.303666
25003900600,2116471,42.4565288,-73.262306
25003900700,7194534,42.4346711,-73.2936239
25003900800,25771265,42.4184524,-73.2554053
25003900900,4103562,42.4381558,-73.2591484
25003901100,7889295,42.4771527,-73.208318
25003911100,74695661,42.5358567,-73.241133
25003912100,56384798,42.4798193,-73.153776
25003913100,54950946,42.3678582,-73.2697633
25003914100,67714678,42.3031741,-73.2339236
25003920101,35540470,42.7235381,-73.2135
25003920102,85489496,42.6608795,-73.2275149
25003921300,11992993,42.6985261,-73.0842998
25003921400,17962803,42.6755506,-73.118109
25003921500,18120993,42.6905098,-73.1493635
25003922100,1996397,42.6201974,-73.1242948
25003922200,33205948,42.6357365,-73.1107793
25003922300,24078870,42.6092397,-73.1362498
25003923100,69442568,42.5651072,-73.1491424
25003924100,58898869,42.3019692,-73.3230236
25003925100,116086967,42.2218505,-73.3330442
25003926100,122801997,42.1036505,-73.3598875
25003931100,32868742,42.7227205,-73.1058185
25003931300,155986453,42.6277273,-73.0153648
25003931400,157783019,42.4773765,-73.0443842
25003932200,217730173,42.3249571,-73.1108353
25003932300,53689958,42.4358274,-73.1128124
25003933200,116728221,42.209063,-73.2102629
25003933300,121432607,42.0984359,-73.2419781
25003933400,226341206,42.1510917,-73.1132071
25003934200,47792804,42.3123539,-73.3880437
25003934300,135771258,42.1554346,-73.4492624
25003935100,175762666,42.5040963,-73.3159811
25003935200,11393757,42.4487388,-73.2056309
25003935300,4621192,42.7053172,-73.1184867
25005600100,7220877,42.0565564,-71.1034137
25005600202,19992626,42.0205643,-71.0713808
25005600203,19560192,42.0409008,-71.1364
25005600204,15771608,42.0090829,-71.13508
25005610100,3813834,42.034967,-71.2225718
25005610202,23952360,42.0043385,-71.2487197
25005610203,14218546,42.0141287,-71.1922446
25005610204,10075786,42.0418655,-71.1857677
25005611101,21275767,41.9873849,-71.1471841
25005611102,17393046,41.9560057,-71.1786674
25005611201,16850436,41.93274,-71.2037397
25005611202,16516218,41.9766863,-71.2225924
25005612100,19222467,41.9516559,-71.0565147
25005612200,33804052,41.9155142,-71.0223117
25005613100,25690462,41.9551568,-71.1225089
25005613300,21955444,41.9146674,-71.1606211
25005613400,15523837,41.8878646,-71.1455815
25005613600,1953988,41.9106665,-71.0956318
25005613700,3523749,41.9085896,-71.0812345
25005613800,1714759,41.9023763,-71.0958051
25005613901,1244688,41.8975952,-71.1111528
25005613902,8045313,41.8727942,-71.1136635
25005614000,1937259,41.8930097,-71.0937386
25005614101,10948642,41.8859557,-71.068305
25005614102,28421901,41.8624856,-71.0116902
25005615100,57058287,41.8291727,-71.1520416
25005616100,42766349,41.8380611,-71.0776152
25005617101,53963262,41.7803958,-71.04939
25005617102,35318264,41.750928,-70.9645589
25005630101,989287,41.9898092,-71.3337865
25005630102,2165410,41.9777881,-71.3215318
25005630200,15324408,41.9983378,-71.3093318
25005630300,20379760,41.9568171,-71.3632515
25005630400,9976204,41.9577061,-71.3312083
25005631100,8193709,41.908866,-71.3644124
25005631200,16992712,41.9185477,-71.3320664
25005631300,8947025,41.9704688,-71.2873273
25005631400,789360,41.9439753,-71.2830483
25005631500,2240116,41.9304456,-71.3000211
25005631600,1571017,41.9363126,-71.2806485
25005631700,18617375,41.9359845,-71.2431103
25005631800,12001536,41.9154832,-71.2910284
25005632100,23947232,41.8678153,-71.3200774
25005632200,23694621,41.809874,-71.3100048
25005633100,54992463,41.8708043,-71.2518791
25005633200,66564686,41.8194402,-71.2387688
25005640100,3423892,41.6692966,-71.1666942
25005640200,1548538,41.6842773,-71.1710796
25005640300,1306997,41.6795615,-71.1902108
25005640400,890776,41.6869772,-71.1830032
25005640500,1364622,41.6938306,-71.1735838
25005640600,720777,41.6879151,-71.1536822
25005640700,952096,41.6787936,-71.1511534
25005640800,3140644,41.6739021,-71.1408008
25005640901,739263,41.6948175,-71.1661474
25005641000,654794,41.7030913,-71.1661382
25005641101,459046,41.6997374,-71.1558548
25005641200,1040289,41.6947314,-71.1430105
25005641300,885718,41.6969066,-71.1361908
25005641400,606111,41.6869774,-71.135423
25005641500,358290,41.6868127,-71.1281485
25005641600,952638,41.6890348,-71.1227078
25005641700,3069347,41.7071442,-71.1256063
25005641800,524919,41.7102748,-71.1489973
25005641900,354174,41.7052478,-71.1530828
25005642000,1109887,41.7093508,-71.1587647
25005642100,2628763,41.7471174,-71.1261837
25005642200,1422770,41.7284464,-71.1367789
25005642300,1009715,41.7199825,-71.1374816
25005642400,1156533,41.7138346,-71.1344405
25005642500,55448797,41.7258761,-71.0706159
25005644101,4354850,41.7566903,-71.1446688
25005644102,5741260,41.782291,-71.1439625
25005644200,10361697,41.7199755,-71.17945
25005645101,5589851,41.7151889,-71.2099467
25005645102,29140628,41.7628239,-71.1806852
25005645103,24009336,41.7582787,-71.2416296
25005646101,32191392,41.6562971,-71.0942304
25005646103,50304895,41.6025859,-71.0916313
25005646104,46542430,41.5441756,-71.0736484
25005650101,4896588,41.7175011,-70.9394362
25005650102,5070448,41.7144498,-70.9499708
25005650201,16033540,41.6909464,-70.9563173
25005650202,1849613,41.6740018,-70.9355116
25005650300,1077775,41.6810434,-70.9228076
25005650400,718578,41.6695702,-70.9229142
25005650500,574335,41.6691679,-70.9334549
25005650600,397456,41.6641112,-70.9249808
25005650700,361509,41.6596185,-70.9223281
25005650800,601715,41.6601446,-70.9334321
25005650900,948482,41.6581443,-70.9413219
25005651001,3462494,41.6543926,-70.9575134
25005651002,2358472,41.6413178,-70.9524972
25005651100,690427,41.6506256,-70.9351699
25005651200,826884,41.6539869,-70.9241376
25005651300,835420,41.6448487,-70.9228693
25005651400,441217,41.6435664,-70.9338519
25005651500,853610,41.6408755,-70.9419702
25005651600,698848,41.6339613,-70.9428823
25005651700,406816,41.6349577,-70.9338316
25005651800,839839,41.635091,-70.9202763
25005651900,998528,41.6219893,-70.9161108
25005652000,439925,41.6266977,-70.9278159
25005652100,571605,41.6276711,-70.933949
25005652200,946118,41.6259686,-70.9450643
25005652300,945072,41.6201088,-70.9387232
25005652400,736077,41.61574,-70.9310007
25005652500,242839,41.6173463,-70.9245281
25005652600,544661,41.6177242,-70.9157351
25005652700,675887,41.6122427,-70.9136542
25005652800,1747523,41.6007668,-70.9077134
25005653101,19793991,41.6483686,-71.01198
25005653102,45259774,41.6888597,-71.0097419
25005653203,4714240,41.6143967,-70.9533093
25005653204,12475485,41.6031693,-70.9874491
25005653301,8782647,41.6005373,-70.9472606
25005653304,51889013,41.5521483,-70.9904852
25005654100,43222879,41.7095988,-70.8981109
25005654200,4504398,41.6894615,-70.9117047
25005655100,17116966,41.6520262,-70.8699748
25005655200,2452893,41.6541146,-70.9111854
25005655300,3277112,41.6422758,-70.8979049
25005655400,9216906,41.6039168,-70.8549207
25005985500,14893958,41.5956948,-71.0128399
25005985600,11941958,42.0753133,-71.1001842
25005990000,0,41.5196744,-70.9383453
25007200100,16884792,41.4586076,-70.613479
25007200200,18874975,41.441713,-70.576143
25007200300,69445833,41.377655,-70.52208
25007200400,162103656,41.4195463,-70.6500469
25007990000,0,41.470384,-70.8474733
25009201100,2708895,42.4282561,-70.9260406
25009202101,1454942,42.4758943,-70.9085318
25009202102,2919052,42.4829362,-70.9199837
25009202200,3452798,42.4696929,-70.8971605
25009203100,3720282,42.4871332,-70.8724094
25009203200,3384328,42.5023298,-70.8308058
25009203301,1832144,42.5069702,-70.8642364
25009203302,2390246,42.5169126,-70.848511
25009204101,1239545,42.5053726,-70.8879672
25009204102,2603515,42.4944085,-70.9046773
25009204200,940441,42.51489,-70.8966155
25009204300,565864,42.5167766,-70.8869311
25009204400,2016208,42.5251979,-70.812878
25009204500,974936,42.5298286,-70.8913891
25009204600,3117438,42.5334952,-70.9044679
25009204701,7260823,42.5004225,-70.9233663
25009204702,2433303,42.5121908,-70.9183522
25009205100,1825797,42.4874689,-70.9422927
25009205200,1230828,42.479893,-70.9531078
25009205300,2280932,42.490511,-70.9626178
25009205400,8149827,42.4928513,-70.9925246
25009205500,1499613,42.4751392,-70.9611517
25009205600,1383913,42.4690494,-70.9853846
25009205700,1369226,42.4640518,-70.9789107
25009205800,831873,42.4590803,-70.9745771
25009205900,608384,42.4684749,-70.9686728
25009206000,301857,42.4657301,-70.9623464
25009206100,317662,42.4656928,-70.9547242
25009206200,489247,42.4697278,-70.9485568
25009206300,600952,42.4739913,-70.9412388
25009206400,851334,42.4778025,-70.9328547
25009206500,420616,42.4711611,-70.9318681
25009206600,640977,42.4676352,-70.9274994
25009206700,526855,42.4621327,-70.9346749
25009206800,474862,42.4665243,-70.943685
25009206900,533948,42.4602021,-70.9404962
25009207000,743942,42.4599011,-70.9509215
25009207100,362621,42.4595512,-70.9654723
25009207200,2374485,42.453791,-70.9627199
25009208101,2203352,42.4507226,-70.9989164
25009208102,4755335,42.4416715,-70.993221
25009208200,3108803,42.4575109,-71.014604
25009208300,6901734,42.4782027,-71.0065851
25009208400,10941584,42.4818727,-71.037236
25009209100,11000671,42.517606,-71.0219925
25009209200,14521743,42.547307,-71.0537664
25009210100,6531587,42.5586984,-71.0106634
25009210200,6458247,42.5375245,-71.003354
25009210300,10883772,42.5342793,-70.9697817
25009210400,7343408,42.5277395,-70.9531065
25009210500,4544805,42.5121182,-70.9570739
25009210600,2923893,42.5095323,-70.9413256
25009210700,896110,42.5204974,-70.9264796
25009210800,922864,42.5281201,-70.9248258
25009210900,1517650,42.535494,-70.9197803
25009211100,3832209,42.5542195,-70.9192094
25009211200,3906431,42.5606236,-70.9393357
25009211300,8303470,42.5851105,-70.9328714
25009211401,7827970,42.5771863,-70.9817163
25009211402,10492479,42.5776492,-70.9566523
25009212100,34822062,42.6007185,-71.0308226
25009213100,61018844,42.6831083,-71.0183302
25009214100,30809993,42.6413794,-70.9434401
25009215101,20918826,42.6179432,-70.8360834
25009215102,15801362,42.6332661,-70.8812824
25009216100,19835690,42.6006329,-70.8833029
25009217100,11270009,42.5797571,-70.8822148
25009217201,2787732,42.5624545,-70.8998916
25009217202,1692413,42.5496229,-70.8984776
25009217300,2423812,42.5633966,-70.8848884
25009217400,1088501,42.5440241,-70.8836685
25009217500,2537716,42.5505703,-70.8675812
25009217600,17606705,42.5641012,-70.824723
25009218100,23899656,42.5766364,-70.7671544
25009220101,9747926,42.6407154,-70.6202481
25009220102,8360155,42.6672238,-70.6307805
25009221100,14455809,42.6592173,-70.653725
25009221300,9413987,42.6067699,-70.6398023
25009221400,1160605,42.6215076,-70.6571946
25009221500,814716,42.6130794,-70.6621115
25009221600,975413,42.6237782,-70.6710227
25009221700,902532,42.6158246,-70.6739846
25009221800,1613866,42.6288499,-70.6858747
25009221901,17102512,42.6016671,-70.702895
25009221902,21413819,42.6328453,-70.7140276
25009222100,36167008,42.6404197,-70.7711718
25009223100,44803642,42.6714559,-70.8007257
25009223200,3662703,42.6757304,-70.8220067
25009223300,34676858,42.6721021,-70.891691
25009250100,852256,42.7054006,-71.1581972
25009250200,1456652,42.7062117,-71.1839672
25009250300,500277,42.7122643,-71.1779023
25009250400,323057,42.7170924,-71.1743747
25009250500,300558,42.7169313,-71.1693673
25009250600,659030,42.7200992,-71.1626479
25009250700,628797,42.7152476,-71.1557303
25009250800,2070600,42.7152209,-71.1434812
25009250900,155814,42.7119763,-71.1545889
25009251000,325774,42.7110658,-71.1590881
25009251100,353567,42.7128878,-71.1694073
25009251200,213208,42.7091504,-71.1672343
25009251300,581467,42.7008298,-71.1716393
25009251400,789488,42.6986427,-71.1801287
25009251500,1573747,42.6927108,-71.1728228
25009251600,1451488,42.700021,-71.1513911
25009251700,2505194,42.6894433,-71.1449129
25009251800,3205747,42.684165,-71.1676247
25009252101,1810682,42.7031863,-71.1996695
25009252102,10162101,42.7017627,-71.2343967
25009252201,4142710,42.7191747,-71.216717
25009252202,6780463,42.7353715,-71.2315163
25009252300,4731827,42.727479,-71.1946132
25009252400,879819,42.7224295,-71.1787065
25009252501,1354417,42.7248389,-71.1557412
25009252502,5079412,42.7354765,-71.1654351
25009252601,5225802,42.7377776,-71.1317615
25009252602,13463915,42.7614694,-71.1580017
25009252603,3892528,42.7523432,-71.1698484
25009253100,2641958,42.6980029,-71.1307172
25009253201,6176369,42.7177732,-71.1245474
25009253202,4108086,42.6823089,-71.1275287
25009253203,14105394,42.7088778,-71.0917023
25009253204,23603154,42.643024,-71.0821579
25009253205,17433979,42.6641416,-71.0526824
25009254100,6806217,42.6703478,-71.1521911
25009254200,3164186,42.6576917,-71.1345104
25009254301,11952188,42.627981,-71.1464585
25009254302,17405952,42.618104,-71.1070918
25009254401,6587426,42.6581235,-71.1786937
25009254402,27274085,42.6670895,-71.2067947
25009254403,6617620,42.6359797,-71.1706817
25009260100,887266,42.7781441,-71.0822135
25009260200,736228,42.7785615,-71.073303
25009260301,5514998,42.7771665,-71.04636
25009260302,19980277,42.797895,-71.0401101
25009260401,10010244,42.803535,-71.1138
25009260402,16750912,42.7942929,-71.1464295
25009260500,3144871,42.7968904,-71.0792133
25009260600,1841399,42.7928945,-71.0913629
25009260700,2534385,42.7860955,-71.1013288
25009260800,940674,42.7737335,-71.0922536
25009260900,2990724,42.7732274,-71.1073695
25009261000,1510076,42.7666364,-71.083463
25009261101,9151334,42.7515469,-71.0653531
25009261102,9569650,42.7520146,-71.1068199
25009262100,22011545,42.8386028,-71.011997
25009263100,34828193,42.7995647,-70.9644283
25009264100,23000422,42.7539,-71.0159351
25009265101,16986158,42.7120075,-70.9992963
25009265102,16315808,42.733822,-70.9600766
25009266100,14103756,42.8479814,-70.9663149
25009266200,6725279,42.8602919,-70.9491273
25009266300,4495594,42.843075,-70.9245699
25009266400,6457626,42.8627074,-70.9126632
25009267101,11934548,42.8310801,-70.8471041
25009267102,27872685,42.8573247,-70.8761968
25009268100,6010314,42.817548,-70.9238936
25009268200,10036840,42.8117957,-70.9054821
25009268300,2513997,42.8080947,-70.8783141
25009268400,3064657,42.8140702,-70.8108762
25009269100,60503666,42.770406,-70.8724166
25009270100,47146800,42.7214946,-70.8866372
25009990100,0,42.412397,-70.962093
25011040100,411384381,42.65963,-72.843419
25011040200,142704016,42.6725821,-72.5669319
25011040300,88740952,42.677091,-72.4538758
25011040400,214951002,42.6121275,-72.3739696
25011040501,29283022,42.6028688,-72.3152174
25011040502,61603330,42.5549583,-72.3598639
25011040600,243607170,42.4603034,-72.3843581
25011040701,5008521,42.5966146,-72.5612238
25011040702,73081292,42.5525308,-72.5144363
25011040800,89031902,42.4542274,-72.6108595
25011040900,83922933,42.5179668,-72.6131394
25011041000,28374001,42.6203334,-72.6132243
25011041100,18214809,42.6159993,-72.5746347
25011041200,2189579,42.6019242,-72.5980584
25011041300,2376105,42.5898923,-72.6024994
25011041400,4301312,42.5819387,-72.6125101
25011041501,201270167,42.5260026,-72.7568737
25011041502,110908156,42.593376,-72.7269273
25013800101,2723757,42.1502189,-72.503471
25013800102,1470381,42.1556209,-72.4999908
25013800201,3201497,42.1411661,-72.5605022
25013800202,5715035,42.1487442,-72.533746
25013800300,2565252,42.1369516,-72.5754936
25013800400,2175825,42.1270086,-72.5857131
25013800500,1536251,42.1232518,-72.5989734
25013800600,863136,42.1201085,-72.6083159
25013800700,1057147,42.1177328,-72.618003
25013800800,952344,42.1102115,-72.6037069
25013800900,1249440,42.1152828,-72.5903571
25013801101,1007357,42.1035585,-72.5941975
25013801102,400169,42.0979447,-72.5852848
25013801200,869959,42.1087779,-72.5838586
25013801300,1657927,42.1156974,-72.5716141
25013801401,3253047,42.1275811,-72.5539586
25013801402,1024930,42.1250324,-72.5447039
25013801501,3071617,42.121718,-72.5333379
25013801502,2130233,42.1337936,-72.5266524
25013801503,3284256,42.1394672,-72.5014403
25013801601,4346431,42.1110959,-72.5203561
25013801602,2859549,42.1241992,-72.5078687
25013801603,4105292,42.1267663,-72.4881183
25013801604,5228798,42.1022055,-72.4895603
25013801605,4193337,42.0958097,-72.5037021
25013801700,1678137,42.1093016,-72.5530472
25013801800,1313677,42.1055652,-72.5654791
25013801901,812271,42.0950982,-72.5714194
25013801902,863131,42.1025279,-72.5759436
25013802000,883314,42.0920203,-72.5811535
25013802100,4713824,42.0793013,-72.5687935
25013802200,584327,42.0907242,-72.5652523
25013802300,1175072,42.0919724,-72.5559081
25013802400,2711857,42.1020493,-72.5406623
25013802500,3548286,42.0898451,-72.5279649
25013802601,1813518,42.081299,-72.5466413
25013802602,1498351,42.0704803,-72.5445886
25013810100,50656120,42.1820567,-72.2759279
25013810200,18084363,42.194344,-72.3288675
25013810300,13063073,42.1715436,-72.3784722
25013810403,2549684,42.1595722,-72.4853055
25013810404,6026789,42.1647684,-72.4488758
25013810412,8437167,42.1765775,-72.4921191
25013810414,53447789,42.19838,-72.4460916
25013810601,5934531,42.1652432,-72.5820513
25013810602,10262771,42.1734298,-72.5412896
25013810700,3362342,42.1528331,-72.5671839
25013810800,2472844,42.1481702,-72.5878815
25013810901,887706,42.1427455,-72.611705
25013810902,2597084,42.136693,-72.6051697
25013811000,4687705,42.1598153,-72.6037697
25013811101,2271274,42.1839397,-72.6111598
25013811102,3827414,42.1632587,-72.6209794
25013811200,3782119,42.1807725,-72.5886935
25013811301,4439861,42.1992427,-72.5830989
25013811302,14614784,42.1999856,-72.5463762
25013811400,990717,42.2038574,-72.5959824
25013811500,844325,42.1961341,-72.6058386
25013811600,858507,42.2009865,-72.6127522
25013811700,897787,42.2097753,-72.6050354
25013811800,793507,42.2124034,-72.6207388
25013811900,17716663,42.2477995,-72.6320465
25013812001,987531,42.2077366,-72.6251911
25013812002,5627193,42.2148066,-72.6499761
25013812101,20353425,42.1951906,-72.6620143
25013812103,3769609,42.1840899,-72.6274091
25013812104,2230221,42.1930004,-72.6296984
25013812201,4129812,42.1210667,-72.6264629
25013812202,7422339,42.1484719,-72.6379448
25013812300,4598488,42.0969696,-72.6140171
25013812401,20064362,42.1345221,-72.6696782
25013812403,1849691,42.1067532,-72.6452188
25013812404,5263990,42.1196929,-72.6505736
25013812500,29414784,42.1476434,-72.705304
25013812600,15309167,42.0972305,-72.7343155
25013812701,1594793,42.1209781,-72.7551121
25013812702,2281001,42.1199496,-72.7401675
25013812800,40415797,42.1620353,-72.7739783
25013812901,3684378,42.1174206,-72.7753644
25013812902,26494086,42.1188875,-72.805223
25013812903,600960,42.1303663,-72.7913593
25013813000,503629519,42.1632188,-72.9347029
25013813101,32127854,42.0535744,-72.7439196
25013813102,47689978,42.0561303,-72.7955234
25013813204,12308022,42.094024,-72.6858005
25013813205,25848977,42.0514394,-72.6647232
25013813206,5739969,42.0709221,-72.6599096
25013813207,5254862,42.0828702,-72.633896
25013813208,3877579,42.0557275,-72.6070253
25013813209,7411455,42.0827531,-72.6116514
25013813301,12149436,42.0465551,-72.5864315
25013813303,6463623,42.053633,-72.5484348
25013813304,4928544,42.0416997,-72.563477
25013813401,5684788,42.0740813,-72.526698
25013813403,6377873,42.083507,-72.4926853
25013813404,21442051,42.0490058,-72.4916994
25013813500,50779425,42.0711876,-72.4177176
25013813601,26231219,42.1401522,-72.4408183
25013813602,30863481,42.1123929,-72.4301115
25013813701,43997015,42.0813224,-72.2937323
25013813702,70513931,42.0879681,-72.3431695
25013813801,72608638,42.0666007,-72.2046633
25013813802,90060883,42.1281757,-72.2053516
25015820101,81848155,42.2746248,-72.2911058
25015820102,7176476,42.2530909,-72.2274184
25015820202,65017556,42.3716476,-72.4124883
25015820203,51397405,42.2740815,-72.4253297
25015820204,84838644,42.2805529,-72.3865664
25015820300,18271704,42.4122164,-72.5188277
25015820400,2242386,42.3888737,-72.526061
25015820500,6805681,42.372071,-72.5205553
25015820600,1480853,42.3712298,-72.5103072
25015820700,12710810,42.3707855,-72.4876835
25015820801,29338226,42.3291019,-72.5088056
25015820802,701108,42.3239426,-72.5313137
25015820900,72047886,42.2449487,-72.5001426
25015821000,8499386,42.2315905,-72.562781
25015821100,7386372,42.2290052,-72.59401
25015821200,1148780,42.2557019,-72.5723703
25015821300,28843018,42.2769358,-72.58155
25015821400,59786249,42.3564911,-72.5686319
25015821500,41171484,42.3894016,-72.6168064
25015821601,12909012,42.3534327,-72.6496697
25015821602,4088660,42.3317459,-72.6616768
25015821700,31268270,42.3379276,-72.7109887
25015821901,1543073,42.3231141,-72.6433701
25015821903,2968445,42.3111795,-72.6419433
25015821904,1195473,42.3248199,-72.627173
25015822000,447608,42.3184204,-72.6390676
25015822200,34279188,42.3091455,-72.6677609
25015822300,9404820,42.2726519,-72.648225
25015822401,17643515,42.2599645,-72.6937496
25015822402,7453813,42.276126,-72.6696138
25015822500,72914120,42.2269485,-72.7415876
25015822601,68155905,42.2818016,-72.8626316
25015822603,70391693,42.3140779,-72.7779767
25015822605,79899249,42.3778524,-72.8419845
25015822606,110947157,42.4194784,-72.7614269
25015822700,259304320,42.4249367,-72.9501001
25017300100,61289599,42.6762927,-71.8325227
25017301101,44267639,42.6937868,-71.7114162
25017301102,40418781,42.6383921,-71.7146381
25017310100,932016,42.6447316,-71.30959
25017310200,1909150,42.653447,-71.296332
25017310300,1076736,42.6599933,-71.3095747
25017310400,535555,42.6541347,-71.3111418
25017310500,851840,42.6562242,-71.3260812
25017310601,5040234,42.6501982,-71.3642535
25017310602,2261586,42.6488833,-71.3439844
25017310700,885690,42.6437251,-71.3305279
25017311100,425268,42.6424117,-71.320914
25017311200,448584,42.6378194,-71.3242742
25017311300,647034,42.6370925,-71.3352753
25017311400,2141999,42.6325528,-71.3518611
25017311500,558368,42.6305381,-71.3345645
25017311600,3503489,42.62186,-71.3323941
25017311700,749820,42.6299069,-71.3245768
25017311800,593776,42.6335728,-71.3193217
25017311900,453428,42.6376032,-71.3093264
25017312000,350498,42.6349306,-71.307502
25017312100,670278,42.6296698,-71.3040807
25017312200,2910691,42.6214358,-71.3083671
25017312300,3220113,42.6249396,-71.2886299
25017312400,395608,42.6412968,-71.301193
25017312501,1918540,42.6471705,-71.2834848
25017312502,2012339,42.6372608,-71.2843929
25017313101,28801726,42.6589852,-71.4518641
25017313102,14702495,42.6788999,-71.395514
25017314101,8083519,42.6762535,-71.3634395
25017314102,6351741,42.6799274,-71.341441
25017314200,7426627,42.6811618,-71.3167957
25017314301,15346859,42.6790387,-71.2787769
25017314302,16340949,42.6928616,-71.2572309
25017315100,14818099,42.6282302,-71.2658835
25017315200,15222278,42.617782,-71.2368957
25017315401,5026771,42.6046526,-71.2009329
25017315402,7847584,42.6083891,-71.1871024
25017315403,2519023,42.5866203,-71.1890309
25017315500,8226555,42.5859548,-71.2154501
25017316101,7233787,42.5698972,-71.2330845
25017316102,9641188,42.5596734,-71.2609469
25017316201,7158127,42.5430018,-71.2354539
25017316202,5970371,42.5319893,-71.2244363
25017316300,10387614,42.5383576,-71.2763607
25017316400,12441132,42.5636168,-71.3081888
25017316500,13403845,42.5868236,-71.2829028
25017317101,10396960,42.5865094,-71.3693734
25017317102,10919129,42.6009674,-71.3249037
25017317103,10216652,42.5696193,-71.3536946
25017317201,5180754,42.5993872,-71.3911181
25017317202,5675547,42.6093601,-71.3740841
25017317203,4469614,42.6122111,-71.3465742
25017317301,4023677,42.6291501,-71.3761192
25017317302,7055116,42.6396768,-71.395644
25017318100,15691583,42.632437,-71.4323583
25017318200,16828423,42.6012735,-71.4743736
25017318300,23831828,42.5752707,-71.4461646
25017318400,21983723,42.5565623,-71.4249536
25017320102,24963655,42.2203648,-71.5720529
25017320103,17071414,42.242349,-71.5280063
25017320104,25889396,42.2135129,-71.5076907
25017321100,15218591,42.3544961,-71.4973127
25017321200,4596280,42.3399836,-71.5290815
25017321300,6287855,42.3331639,-71.5527054
25017321400,14162953,42.3414582,-71.5926446
25017321500,7258898,42.3569937,-71.5737429
25017321600,6502281,42.3643537,-71.5352637
25017322100,14081676,42.3876562,-71.5186309
25017322200,6981167,42.3787848,-71.5744478
25017322300,5031600,42.398518,-71.5785343
25017322400,3750069,42.3993293,-71.5558248
25017323100,41009070,42.4322691,-71.5153451
25017324101,22673851,42.5232732,-71.4711882
25017324102,20100100,42.5450648,-71.4998928
25017325100,23147518,42.5628508,-71.5800726
25017326101,36016617,42.5993413,-71.5904265
25017326102,48871325,42.6190842,-71.5383193
25017327101,26558717,42.6915092,-71.6012063
25017327102,9061765,42.6696225,-71.5718755
25017327103,22827568,42.6471889,-71.6203413
25017328100,42608633,42.6761491,-71.4997715
25017330100,21007679,42.5868178,-71.0700852
25017330200,12999854,42.5804948,-71.1214396
25017331101,11155822,42.5855779,-71.1540069
25017331102,13529838,42.5539487,-71.1482345
25017331200,6356809,42.5739638,-71.1825432
25017331300,12895221,42.5421191,-71.1841949
25017332100,5958623,42.5270644,-71.2012979
25017332200,7738344,42.5030531,-71.179635
25017332300,5947584,42.508472,-71.2159455
25017332400,10758617,42.4858555,-71.2106801
25017333100,7080058,42.4651765,-71.1834193
25017333200,3885133,42.4804058,-71.1676577
25017333300,1626941,42.4707641,-71.152055
25017333400,4875915,42.4845479,-71.132032
25017333501,4935192,42.4941622,-71.1459389
25017333502,1443446,42.4850405,-71.1461193
25017333600,8874317,42.5088614,-71.1500638
25017334100,4408684,42.5120977,-71.1186479
25017334200,2441662,42.526418,-71.1179942
25017334300,9828770,42.5481562,-71.1107766
25017334400,9156757,42.5314168,-71.0881033
25017335100,4138878,42.5224582,-71.0774027
25017335200,3312994,42.5008866,-71.0839683
25017335301,2837380,42.4938799,-71.0581633
25017335302,5216439,42.5132149,-71.0493069
25017335400,3641879,42.4822403,-71.0621379
25017336100,2046595,42.4655983,-71.0709236
25017336200,2472337,42.4653827,-71.053728
25017336300,4001428,42.449772,-71.0373246
25017336401,2483669,42.4486825,-71.0693859
25017336402,1125239,42.4553453,-71.0717849
25017337101,1505379,42.4870832,-71.0810055
25017337102,5498691,42.4668296,-71.0883227
25017337201,1610171,42.4946717,-71.0944924
25017337202,2939325,42.4908429,-71.1080038
25017337300,4023953,42.4608401,-71.1022461
25017338100,1698251,42.4659118,-71.1225413
25017338200,1693142,42.4637851,-71.1381327
25017338300,2099516,42.4584341,-71.1497227
25017338400,6105080,42.4456096,-71.1653408
25017338500,4031869,42.4476714,-71.1285873
25017339100,7078161,42.4413687,-71.112346
25017339200,2611809,42.4271789,-71.1368106
25017339300,677153,42.4189818,-71.1340941
25017339400,629016,42.4151299,-71.1238855
25017339500,1200642,42.411879,-71.1150079
25017339600,822910,42.4030836,-71.109572
25017339700,1267577,42.4059665,-71.1027538
25017339801,1162954,42.4063103,-71.0796304
25017339802,1937421,42.4073321,-71.0911432
25017339900,1075689,42.4182004,-71.0915238
25017340000,505179,42.4230719,-71.0988117
25017340100,2010243,42.4304663,-71.0962673
25017341101,1130199,42.4354441,-71.078995
25017341102,884682,42.4294796,-71.0821193
25017341200,1103204,42.4213416,-71.081066
25017341300,1244330,42.4266733,-71.0694923
25017341400,974274,42.4189957,-71.0665338
25017341500,640872,42.4247462,-71.0590079
25017341600,1523682,42.4359325,-71.0593047
25017341700,1098123,42.4362587,-71.0476696
25017341800,1411749,42.427988,-71.0483721
25017341901,1057302,42.4278287,-71.0341039
25017341902,1997672,42.4372851,-71.0318059
25017342101,617981,42.41095,-71.0395531
25017342102,1268911,42.4192406,-71.0390042
25017342201,519545,42.4157258,-71.0535828
25017342202,475299,42.4203049,-71.047868
25017342300,794509,42.4121988,-71.0621336
25017342400,3940877,42.3989732,-71.0623353
25017342500,794641,42.4075792,-71.0508526
25017342600,452403,42.4049893,-71.0433146
25017350103,891197,42.3947703,-71.0814714
25017350104,917458,42.3939182,-71.0907261
25017350200,683707,42.3912407,-71.0965138
25017350300,398110,42.3951876,-71.1063219
25017350400,600540,42.3983852,-71.1150684
25017350500,225395,42.4000328,-71.1225857
25017350600,516247,42.4046388,-71.1220426
25017350700,783926,42.4091227,-71.1300428
25017350800,211545,42.4000682,-71.1272735
25017350900,421685,42.3942895,-71.1203008
25017351000,668313,42.3890835,-71.1127855
25017351100,682663,42.3875385,-71.1044992
25017351203,407690,42.3769894,-71.1007293
25017351204,579325,42.3815931,-71.1046716
25017351300,515813,42.3834701,-71.0951296
25017351403,367182,42.386381,-71.0838857
25017351404,418512,42.3837648,-71.0876083
25017351500,1389035,42.3771209,-71.084602
25017352101,400470,42.3716891,-71.0737525
25017352102,411601,42.3685005,-71.0759066
25017352200,145607,42.3719651,-71.085125
25017352300,600904,42.3666766,-71.0834327
25017352400,467529,42.3646113,-71.0900911
25017352500,206733,42.3678649,-71.0976179
25017352600,240335,42.3701212,-71.091248
25017352700,158002,42.3734711,-71.0935758
25017352800,162599,42.3713569,-71.0966847
25017352900,295076,42.3725128,-71.1031347
25017353000,334801,42.3672284,-71.1035948
25017353101,411670,42.3623316,-71.0984954
25017353102,901795,42.3576086,-71.0918409
25017353200,514215,42.3584986,-71.1057832
25017353300,474775,42.3585142,-71.1110542
25017353400,293002,42.3636223,-71.1121707
25017353500,208674,42.3664307,-71.110597
25017353600,725612,42.3801387,-71.1151808
25017353700,549391,42.3745559,-71.1124816
25017353800,306148,42.3703899,-71.1097117
25017353900,323192,42.3662691,-71.1162109
25017354000,468644,42.3800506,-71.1221399
25017354100,587524,42.3756705,-71.1252417
25017354200,1572738,42.3747807,-71.1375299
25017354300,1233254,42.3830878,-71.1471164
25017354400,295694,42.3833708,-71.1372896
25017354500,396796,42.3864493,-71.1194435
25017354600,1491809,42.3902981,-71.1404568
25017354700,355377,42.3895812,-71.1226285
25017354800,310505,42.3926659,-71.1279417
25017354900,1248768,42.3957429,-71.1417202
25017355000,462936,42.3985275,-71.1342815
25017356100,721527,42.4026607,-71.1456523
25017356300,1055272,42.4136328,-71.1413669
25017356400,3253569,42.4285594,-71.1583359
25017356500,2260896,42.4242961,-71.1853749
25017356601,1301270,42.4186038,-71.1730936
25017356602,1251604,42.4194075,-71.1817605
25017356701,1136778,42.4083786,-71.1438162
25017356702,2340248,42.4107835,-71.1599113
25017357100,1810727,42.4010318,-71.1665482
25017357200,1442583,42.3895237,-71.1650714
25017357300,651112,42.3807279,-71.1599958
25017357400,667789,42.3809695,-71.1679802
25017357500,482140,42.3835353,-71.175976
25017357600,487889,42.3832336,-71.1862623
25017357700,3000783,42.3956428,-71.1891106
25017357800,3494788,42.4028001,-71.18814
25017358100,5458428,42.4265458,-71.2064063
25017358300,7555763,42.4261135,-71.2340953
25017358400,7028069,42.4377302,-71.2455161
25017358500,6774888,42.4453551,-71.202152
25017358600,8715666,42.4579056,-71.2500166
25017358700,7021419,42.4720151,-71.2278512
25017359100,14847545,42.5084237,-71.2596633
25017359300,20538114,42.4916993,-71.2941324
25017360100,1920440,42.4567858,-71.2825578
25017360200,34933994,42.4255064,-71.3108115
25017361100,19053949,42.4426939,-71.3740693
25017361200,9775153,42.44525,-71.3995446
25017361300,34660458,42.4776669,-71.3424997
25017362100,39560569,42.5366203,-71.3618321
25017363102,13676507,42.5053597,-71.4004842
25017363103,9598059,42.5001123,-71.4473028
25017363104,15236631,42.4649683,-71.4297616
25017363201,6776967,42.4644272,-71.477543
25017363202,6165186,42.479293,-71.4668529
25017364101,5041098,42.4374587,-71.4622486
25017364102,8446560,42.4197794,-71.4509538
25017365100,30465135,42.405063,-71.4125646
25017365201,15008904,42.374693,-71.4326542
25017365202,17396886,42.3543267,-71.4450462
25017366100,5957667,42.3255856,-71.366255
25017366201,13986664,42.3848288,-71.3541125
25017366202,19025969,42.3457407,-71.3729338
25017367100,14696200,42.3849315,-71.3020663
25017367200,28857163,42.344986,-71.2949471
25017368101,2909272,42.4129628,-71.2478169
25017368102,3328126,42.4051887,-71.2572912
25017368200,6940197,42.3864874,-71.2586858
25017368300,1721937,42.3770156,-71.2525119
25017368400,3397240,42.3656771,-71.2563824
25017368500,466002,42.3692509,-71.2385575
25017368600,1089908,42.3624317,-71.2404818
25017368700,708778,42.368618,-71.2265194
25017368800,1686183,42.3729926,-71.2242042
25017368901,4020837,42.3967218,-71.2263908
25017368902,1311822,42.3817019,-71.2274544
25017369000,2865287,42.3927207,-71.213532
25017369100,2545123,42.3841027,-71.2077358
25017370101,1419800,42.3774206,-71.1966357
25017370102,2221278,42.3670818,-71.2007488
25017370201,1299895,42.373578,-71.1700572
25017370202,1070848,42.375522,-71.1829608
25017370300,2852703,42.3663618,-71.1514459
25017370400,1475833,42.3639318,-71.1753699
25017373100,1656432,42.3557326,-71.1844188
25017373200,1277472,42.3609087,-71.2010291
25017373300,1256614,42.3569686,-71.2089983
25017373400,1200533,42.3474488,-71.202391
25017373500,3382829,42.3440287,-71.1835071
25017373600,3008076,42.3300314,-71.1743265
25017373700,2375150,42.3367826,-71.2039895
25017373800,2556888,42.326281,-71.191399
25017373900,4414466,42.3081961,-71.1824355
25017374000,4957803,42.3031111,-71.1984964
25017374100,2242325,42.3150049,-71.2118062
25017374200,2044223,42.3237866,-71.2133136
25017374300,2529906,42.3252956,-71.2358074
25017374400,4237090,42.339608,-71.2264635
25017374500,1827852,42.3541178,-71.220143
25017374600,1691163,42.3558585,-71.2298425
25017374700,2368748,42.350031,-71.2482919
25017374800,3153119,42.3328415,-71.250374
25017382100,5822546,42.311683,-71.3412483
25017382200,4371884,42.2969096,-71.3394529
25017382300,13033449,42.2678202,-71.3249828
25017382400,4662721,42.2727145,-71.3583643
25017382500,4833697,42.294909,-71.3665957
25017382601,1854244,42.2768206,-71.3868012
25017382602,4156326,42.2898794,-71.380764
25017383101,2815539,42.2673461,-71.4076209
25017383102,1178989,42.2751063,-71.3985938
25017383200,2419445,42.2683889,-71.4289327
25017383300,2834404,42.2821039,-71.4332239
25017383400,1836697,42.283863,-71.4109116
25017383501,2118788,42.2962927,-71.4121324
25017383502,1734631,42.2957306,-71.4373976
25017383600,6172992,42.3054903,-71.4159751
25017383700,4293522,42.316093,-71.3957228
25017383800,5269623,42.3321788,-71.4058655
25017383901,13501276,42.3417706,-71.4523565
25017383902,11425040,42.3211304,-71.4575933
25017384001,3119550,42.3022275,-71.4582565
25017384002,6145031,42.2878081,-71.4697809
25017385100,17363842,42.2761738,-71.4822008
25017385201,5652560,42.243672,-71.469597
25017385202,8931932,42.2529882,-71.4336345
25017386100,40896335,42.2319469,-71.3729634
25017387100,15780530,42.1930363,-71.4203385
25017387201,13008280,42.2180228,-71.4328201
25017387202,19491706,42.1906581,-71.4746049
25017388100,26637362,42.4859849,-71.5209848
25017388200,40980387,42.5736544,-71.6409862
25017388300,694736,42.6501923,-71.3163079
25017980000,3847833,42.4099153,-71.4818809
25019950100,5389746,41.2853618,-70.105968
25019950200,13526485,41.2597447,-70.1216291
25019950307,24650456,41.2913859,-70.203756
25019950400,14991784,41.2560399,-70.0706
25019950500,60873209,41.2898122,-70.0148079
25019990000,0,41.3055317,-70.1401101
25021400100,861500,42.3467859,-71.1126051
25021400200,533097,42.3468924,-71.1196351
25021400300,526027,42.3470372,-71.1269868
25021400400,770442,42.3421431,-71.1321514
25021400500,557063,42.3373606,-71.1309667
25021400600,1226102,42.3322718,-71.137614
25021400700,606607,42.3333154,-71.1248234
25021400800,573048,42.3387738,-71.1173907
25021400900,386005,42.3329543,-71.1172354
25021401000,639900,42.3276898,-71.1196273
25021401100,4131253,42.3238534,-71.1420033
25021401200,6697356,42.3143213,-71.1527779
25021402101,4030402,42.2667545,-71.1818237
25021402102,1875308,42.2499646,-71.1526358
25021402200,1165637,42.2331903,-71.1442327
25021402300,4264790,42.2235593,-71.1542001
25021402400,4429462,42.2402062,-71.1675177
25021402500,10818870,42.2487726,-71.1991206
25021403100,6591401,42.2793719,-71.2072084
25021403300,6904087,42.2657298,-71.2421899
25021403400,9639998,42.2788255,-71.2663672
25021403500,5599269,42.302777,-71.2317391
25021404100,4263056,42.3159863,-71.2500726
25021404201,3747436,42.3190489,-71.2831806
25021404202,4510437,42.3036249,-71.2712408
25021404301,3966353,42.3121161,-71.3101912
25021404302,2580733,42.3004028,-71.3087915
25021404400,6864939,42.2881888,-71.2954958
25021405100,39155536,42.2341598,-71.2911666
25021406101,17327187,42.2028317,-71.3157161
25021406102,19978452,42.1698248,-71.2999982
25021407100,31170651,42.1731025,-71.3637564
25021408101,22080377,42.1562029,-71.4303445
25021408102,7819902,42.1468027,-71.4154263
25021409101,20875254,42.1167622,-71.3168858
25021409102,17716316,42.1180896,-71.3544221
25021410100,25068332,42.0579847,-71.276593
25021410300,16023069,42.0576203,-71.2120329
25021410400,10315333,42.0925359,-71.2483901
25021411100,16173135,42.1207252,-71.2535034
25021411200,8808475,42.1568817,-71.2161869
25021411301,15028688,42.1741325,-71.2533625
25021411302,12932835,42.1340782,-71.2733434
25021412100,9267973,42.2062827,-71.2278999
25021412200,11716689,42.2354674,-71.2197246
25021412300,7214508,42.2148462,-71.1721804
25021413100,10254392,42.1876022,-71.1702305
25021413200,4048431,42.2036742,-71.1946657
25021413300,3217154,42.1943111,-71.2191611
25021413401,1486116,42.1886943,-71.2064806
25021413402,2155108,42.1783786,-71.2202468
25021413500,5717152,42.1687883,-71.2002849
25021414100,28398092,42.1200933,-71.2036931
25021414200,24662508,42.0798846,-71.1613534
25021414300,7636708,42.1231218,-71.169319
25021415101,9895797,42.1734771,-71.1595465
25021415102,6006391,42.1469759,-71.1426575
25021415200,15940415,42.1662239,-71.1009719
25021415300,16710676,42.1963267,-71.1287863
25021416101,9626563,42.2404604,-71.0710504
25021416102,13314988,42.2259907,-71.1000663
25021416200,3467098,42.2545227,-71.0958574
25021416300,2665059,42.2627184,-71.0767006
25021416400,4624699,42.2616944,-71.0494372
25021417100,1322871,42.2597111,-71.0242987
25021417200,2456992,42.2715985,-71.0337221
25021417300,1724557,42.2978783,-71.0286453
25021417400,1475076,42.3050138,-70.989041
25021417501,886913,42.279776,-71.0160241
25021417502,899133,42.2791738,-71.0276199
25021417601,974366,42.2733766,-71.0146488
25021417602,2139927,42.2903815,-70.9709845
25021417701,1543169,42.2523398,-71.0007484
25021417702,1685716,42.2583233,-70.9886922
25021417801,2161614,42.2675998,-70.9628193
25021417802,1197910,42.2566996,-70.9654512
25021417901,1851597,42.2463221,-70.9772203
25021417902,690433,42.2463023,-70.990692
25021418002,2065401,42.2386598,-70.995667
25021418003,1705594,42.2350181,-71.0200275
25021418004,1316466,42.2383744,-71.0104974
25021418101,1700514,42.2510995,-71.0135658
25021418102,771202,42.247041,-71.0211009
25021418200,14345449,42.218278,-71.0547891
25021419100,7070256,42.2179715,-71.0218414
25021419200,2625610,42.2234333,-70.9950735
25021419300,1710540,42.2276289,-70.9851875
25021419400,1847688,42.2313703,-70.9701725
25021419500,3195967,42.2097226,-70.9780239
25021419600,8584990,42.1811367,-70.9931068
25021419700,4536412,42.191861,-71.0017134
25021419800,6046901,42.2005902,-71.0225606
25021420100,5592195,42.1838164,-71.0390259
25021420201,2097810,42.1790521,-71.0566567
25021420202,7030152,42.1959016,-71.0723971
25021420301,5788615,42.1684211,-71.0416967
25021420302,4946684,42.1524465,-71.0409685
25021421100,6949267,42.1380389,-71.0188016
25021421200,11839799,42.1533016,-70.9969789
25021422100,7033054,42.1587832,-70.9770615
25021422200,7573778,42.1593325,-70.9365539
25021422301,3431333,42.1916359,-70.9640991
25021422302,6075798,42.1891541,-70.9392437
25021422400,4653520,42.2113777,-70.9575155
25021422501,2501851,42.2045482,-70.9250295
25021422502,2644867,42.2137779,-70.9374231
25021422600,5015188,42.2286236,-70.9382049
25021422700,2200667,42.2395414,-70.9467163
25021422800,2294596,42.2494745,-70.9453431
25021423100,25341308,42.262428,-70.7988829
25021440100,28457939,42.0127966,-71.3365776
25021441202,23379372,42.0272829,-71.3925792
25021441203,17694651,42.0532042,-71.3081145
25021441204,15145481,42.0708954,-71.3466052
25021442101,5391843,42.0945844,-71.3885933
25021442102,19704898,42.0822915,-71.4355615
25021442103,16623036,42.1176651,-71.4037132
25021442201,15986386,42.0507024,-71.4175967
25021442202,11282298,42.0783653,-71.3801081
25021443101,24864315,42.1040276,-71.4691441
25021443102,22645093,42.0540162,-71.4804363
25021456101,7636067,42.1081632,-71.0830825
25021456102,3583517,42.1256105,-71.0884346
25021456200,8871160,42.1489414,-71.0816572
25021456301,1223410,42.130107,-71.1096319
25021456302,3694129,42.1365038,-71.1215597
25021456401,2884515,42.1269479,-71.1282123
25021456402,13768250,42.0971245,-71.12013
25021457100,11114971,42.1324607,-71.054013
25021457200,3109343,42.2862908,-71.2334919
25023500101,3351812,42.3402327,-70.8833012
25023500103,1940843,42.2713919,-70.8234876
25023500104,2121132,42.2822227,-70.8737912
25023501101,7884011,42.2535173,-70.8733337
25023501102,11375380,42.2432956,-70.9053723
25023501201,7933089,42.2137761,-70.8907817
25023501202,30302465,42.1975242,-70.8749058
25023502101,5028945,42.1268058,-70.9125421
25023502102,9174334,42.1062072,-70.9036611
25023502200,11793250,42.1470653,-70.9126706
25023503101,19102132,42.1329278,-70.8686801
25023503102,21132425,42.1062545,-70.8465922
25023504101,25154918,42.1695061,-70.8357089
25023504102,29055147,42.151055,-70.795227
25023505101,12295326,42.2418875,-70.752453
25023505102,16198748,42.1975067,-70.7967
25023505200,17212549,42.1734026,-70.7222389
25023506101,25557386,42.1259605,-70.7115845
25023506102,23201469,42.1279892,-70.7537137
25023506202,7509671,42.0760305,-70.6973696
25023506203,12260286,42.0808889,-70.6759084
25023506204,5632308,42.1022098,-70.6575809
25023507101,24424194,42.0496359,-70.7526895
25023507103,10352145,42.0214242,-70.6834399
25023507104,26672689,42.0443524,-70.6792393
25023508101,25790024,42.0957441,-70.8031318
25023508102,8795338,42.0461021,-70.8250685
25023508200,21845959,42.0543663,-70.793904
25023509101,30595151,41.9633213,-70.7371319
25023509102,17702841,42.0027229,-70.741927
25023510100,3135513,42.1159859,-71.015087
25023510200,4882608,42.1039699,-70.9998186
25023510300,1023807,42.1006006,-71.0253675
25023510400,677962,42.0931685,-71.0213329
25023510501,1503774,42.1089315,-71.0306229
25023510502,3886993,42.0980527,-71.0463363
25023510503,2561882,42.0942619,-71.0655746
25023510600,5303843,42.0805604,-71.0602559
25023510700,2141970,42.0801783,-71.0383569
25023510800,1139392,42.0843702,-71.0282325
25023510900,739125,42.083259,-71.0198695
25023511000,1465047,42.0876568,-71.0109919
25023511100,3498740,42.0916707,-70.9924174
25023511200,3891256,42.0783429,-70.9884011
25023511301,3267252,42.0694477,-71.0040043
25023511302,2862140,42.0557889,-70.9952537
25023511400,728163,42.0750589,-71.0250438
25023511500,727352,42.0698752,-71.0224812
25023511600,4160440,42.0527812,-71.0158341
25023511701,3107080,42.0621008,-71.0373838
25023511702,4515575,42.0614128,-71.0605061
25023520100,8938963,42.1039601,-70.9458292
25023520201,5548485,42.1372689,-70.9552508
25023520202,11311416,42.1263403,-70.9780198
25023521101,7675017,42.0762502,-70.959526
25023521102,2074532,42.079604,-70.9423617
25023521201,2582258,42.087609,-70.9344775
25023521202,5632004,42.0743835,-70.91455
25023522101,10949485,42.0580512,-70.850235
25023522102,27951455,42.058518,-70.8823
25023523100,9132898,42.0188638,-70.9654261
25023523201,9711998,42.0591118,-70.9731985
25023523202,25726017,42.0299186,-70.9256893
25023524101,26272118,42.0335025,-71.0445088
25023524102,13414368,42.0237702,-70.9963676
25023525101,22303722,41.9815623,-71.0127628
25023525104,16722191,41.9582895,-70.9846206
25023525203,8271635,41.9999555,-70.9459898
25023525204,15235946,41.9775054,-70.9327637
25023525300,6959548,41.9500489,-70.9519064
25023526100,41364648,42.0026344,-70.8637056
25023530100,10885636,41.9524151,-70.7006773
25023530200,3222348,41.9752998,-70.6806401
25023530300,2885017,41.9627836,-70.6681223
25023530400,15000589,41.9136095,-70.7182819
25023530500,7209516,41.9458544,-70.6510226
25023530600,98801305,41.8698585,-70.6603338
25023530700,30240262,41.9476234,-70.5958026
25023530801,22294377,41.8826508,-70.5640935
25023530802,7963456,41.8888055,-70.5335701
25023530901,32058024,41.8049233,-70.5943605
25023530902,19167341,41.835615,-70.5576463
25023540101,23483679,41.8669369,-70.9463711
25023540102,15480014,41.8158517,-70.9348475
25023540103,37663334,41.8148141,-70.9899145
25023541100,86950056,41.7608637,-70.8389561
25023542101,89372212,41.8674028,-70.8269627
25023542102,29777539,41.837442,-70.8858073
25023542200,49497578,41.9270454,-70.9263128
25023542300,10174563,41.8942233,-70.9256887
25023543100,38023286,41.9591,-70.8027525
25023544100,27137565,41.9162554,-70.7878614
25023544200,69488026,41.8586967,-70.745874
25023545100,28306229,41.7687663,-70.7545896
25023545200,41443396,41.7811972,-70.6796359
25023545300,7009428,41.7464809,-70.6488256
25023545400,16024806,41.7298517,-70.6992524
25023560100,44967368,41.6613631,-70.8120237
25023561100,36347611,41.6991271,-70.7490314
25023561200,1075209,41.9879935,-70.9661365
25023990003,0,42.0626995,-70.5623387
25025000100,1795020,42.3614844,-71.1385888
25025000201,599227,42.3540651,-71.1611678
25025000202,601636,42.3526051,-71.1543443
25025000301,571534,42.3541437,-71.168821
25025000302,589878,42.3472585,-71.1676864
25025000401,431042,42.3438495,-71.1492929
25025000402,806770,42.3441742,-71.1588288
25025000502,847704,42.3315048,-71.1574973
25025000503,139345,42.3396332,-71.1501028
25025000504,333893,42.3414661,-71.1438307
25025000601,495266,42.350982,-71.1456705
25025000602,599552,42.3492498,-71.1424588
25025000701,230436,42.346958,-71.1379847
25025000703,178002,42.3513284,-71.1282176
25025000704,239778,42.3500028,-71.1334045
25025000802,977474,42.3568717,-71.1297577
25025000803,1158115,42.3594779,-71.1212633
25025010103,273305,42.3497819,-71.1034526
25025010104,281682,42.34943,-71.0937493
25025010203,365053,42.3453168,-71.096804
25025010204,254551,42.346294,-71.1033877
25025010300,507208,42.339422,-71.1018257
25025010403,88555,42.345075,-71.0880611
25025010404,136909,42.3419678,-71.0886377
25025010405,364894,42.3398656,-71.0895958
25025010408,43381,42.3431682,-71.0958461
25025010500,189915,42.3444388,-71.0844432
25025010600,339676,42.3476422,-71.0793745
25025010701,202021,42.3497199,-71.0838784
25025010702,300176,42.3518383,-71.0755131
25025010801,127995,42.3541228,-71.0769945
25025010802,155905,42.3515144,-71.0856798
25025020101,223664,42.3577096,-71.0694208
25025020200,117750,42.3603371,-71.0686481
25025020301,256674,42.3631736,-71.0686464
25025020302,76782,42.3593442,-71.0639956
25025020303,442606,42.365938,-71.0635673
25025030100,77344,42.3669373,-71.0561403
25025030200,64733,42.3645232,-71.0569935
25025030300,691633,42.3599799,-71.0532268
25025030400,106576,42.3644011,-71.054213
25025030500,193673,42.3675851,-71.0516956
25025040100,258674,42.3729464,-71.0597187
25025040200,143782,42.3768484,-71.0567955
25025040300,280098,42.3787347,-71.0633841
25025040401,433403,42.3740347,-71.0665218
25025040600,1428587,42.3832248,-71.0698352
25025040801,952905,42.379041,-71.0520372
25025050101,299770,42.3816657,-71.0397908
25025050200,243271,42.3775778,-71.0357577
25025050300,355331,42.3722392,-71.0434118
25025050400,131981,42.3682184,-71.0379019
25025050500,114773,42.3697766,-71.0339104
25025050600,169108,42.3718864,-71.0372694
25025050700,270683,42.3753621,-71.0332815
25025050901,614354,42.3819368,-71.0295001
25025051000,1044760,42.3873027,-71.0161271
25025051101,1159397,42.3854556,-71.0043188
25025051200,412096,42.3635386,-71.0329491
25025060101,295623,42.3347618,-71.0279302
25025060200,170385,42.3325583,-71.0326799
25025060301,272518,42.3334669,-71.0369483
25025060400,399279,42.3323988,-71.0428981
25025060501,411742,42.3368686,-71.0382133
25025060600,1249223,42.3495711,-71.0422822
25025060700,128227,42.3385217,-71.0539041
25025060800,343012,42.3353908,-71.0514885
25025061000,171277,42.3316064,-71.0499095
25025061101,165282,42.3262844,-71.0542968
25025061200,1835769,42.3397391,-71.0567543
25025070101,1049993,42.352321,-71.0574028
25025070200,269072,42.3496564,-71.0639162
25025070300,336635,42.3484084,-71.0703632
25025070402,266820,42.3451368,-71.0644405
25025070500,297280,42.3419361,-71.0718235
25025070600,133036,42.3432581,-71.0753887
25025070700,162700,42.3458828,-71.0761507
25025070800,191189,42.341152,-71.0809697
25025070900,168564,42.3384339,-71.0781738
25025071101,357604,42.3359554,-71.0728077
25025071201,412227,42.3397621,-71.0670569
25025080100,1026666,42.3293312,-71.0705295
25025080300,268833,42.3274519,-71.0790504
25025080401,440308,42.3321176,-71.0808969
25025080500,245844,42.3356819,-71.0825458
25025080601,560210,42.3333681,-71.088044
25025080801,364890,42.3346063,-71.0962114
25025080900,256492,42.3323435,-71.1016923
25025081001,558478,42.3345666,-71.1068303
25025081100,495877,42.3283906,-71.1074807
25025081200,282374,42.3244315,-71.1038626
25025081300,580340,42.319327,-71.0976901
25025081400,620480,42.3277602,-71.0937549
25025081500,336293,42.3207186,-71.0929141
25025081700,633564,42.3226962,-71.086034
25025081800,373921,42.3203184,-71.0800303
25025081900,433381,42.3154742,-71.089652
25025082000,392157,42.3137479,-71.0839483
25025082100,370577,42.3094485,-71.0872292
25025090100,446963,42.3023758,-71.0820195
25025090200,273671,42.3071378,-71.0790559
25025090300,380394,42.3109366,-71.076505
25025090400,425136,42.3171635,-71.0747098
25025090600,301665,42.3229604,-71.0722753
25025090700,1071211,42.3241233,-71.0600274
25025090901,1173210,42.317172,-71.044563
25025091001,1186624,42.3082694,-71.0516795
25025091100,423896,42.315641,-71.0555949
25025091200,323612,42.3163259,-71.0622198
25025091300,262560,42.3199357,-71.0668701
25025091400,325019,42.3152689,-71.0698538
25025091500,404167,42.3114941,-71.0643707
25025091600,312697,42.3060364,-71.0611894
25025091700,289325,42.3036111,-71.0659136
25025091800,432063,42.3073664,-71.0705167
25025091900,481983,42.3008408,-71.0755308
25025092000,489739,42.2996758,-71.0675668
25025092101,1291966,42.2979499,-71.0541278
25025092200,581306,42.2950231,-71.0661698
25025092300,342974,42.2939435,-71.0750607
25025092400,594229,42.2960415,-71.0849887
25025100100,1036848,42.2902498,-71.0873027
25025100200,350643,42.2848003,-71.0857223
25025100300,491877,42.2827979,-71.0797972
25025100400,626250,42.2817867,-71.0708444
25025100500,858936,42.2882344,-71.0707473
25025100601,552585,42.2908491,-71.0562794
25025100603,886478,42.2914125,-71.0421575
25025100700,1211115,42.2826719,-71.0479602
25025100800,1746778,42.2775008,-71.0636843
25025100900,953383,42.2740065,-71.0742308
25025101001,1296244,42.2721166,-71.0999772
25025101002,1165750,42.2740572,-71.0853267
25025101101,379740,42.2826649,-71.0950823
25025101102,561192,42.2787956,-71.0920463
25025110103,935084,42.2961825,-71.1157388
25025110201,348208,42.280496,-71.1170508
25025110301,817930,42.2868052,-71.1132775
25025110401,522449,42.2864332,-71.1225529
25025110403,942868,42.2791462,-71.1281223
25025110501,647837,42.2821618,-71.1414485
25025110502,684299,42.2829171,-71.132605
25025110601,1406478,42.2982511,-71.1399775
25025110607,1161943,42.2902716,-71.1347009
25025120103,353248,42.3117567,-71.1182632
25025120104,290295,42.3056862,-71.1173049
25025120105,1838316,42.3087398,-71.1262938
25025120201,719465,42.305157,-71.1083675
25025120301,662594,42.3126424,-71.1019334
25025120400,998930,42.3139015,-71.1116653
25025120500,213706,42.3206587,-71.1042025
25025120600,258211,42.3191097,-71.1088407
25025120700,297486,42.3242557,-71.1112111
25025130100,4345488,42.2904255,-71.1714978
25025130200,1352656,42.2873319,-71.157012
25025130300,1442190,42.2791295,-71.1507097
25025130402,2098652,42.2724011,-71.1694056
25025130404,1601537,42.266517,-71.155921
25025130406,1052307,42.2600645,-71.1514976
25025140102,2087647,42.2446858,-71.1426123
25025140105,1010911,42.267997,-71.1251892
25025140106,279850,42.2738738,-71.1371416
25025140107,627360,42.2577216,-71.1284206
25025140201,1325763,42.2375306,-71.1305713
25025140202,1538599,42.2495181,-71.117543
25025140300,1547352,42.2587734,-71.1188131
25025140400,1878136,42.2692219,-71.1118088
25025160101,707020,42.3889705,-71.0284298
25025160200,222152,42.389784,-71.0357615
25025160300,567067,42.3880151,-71.0467339
25025160400,1295006,42.395316,-71.042496
25025160501,385601,42.398307,-71.0328709
25025160502,1156236,42.3966196,-71.0184507
25025160601,659840,42.4023748,-71.0274593
25025160602,744812,42.4071906,-71.0328503
25025170100,1463301,42.4107259,-71.0218234
25025170200,998479,42.4167928,-71.0198553
25025170300,3965159,42.4308837,-71.0147469
25025170400,2332919,42.4237393,-70.9979159
25025170501,955799,42.4135167,-70.9908021
25025170502,923966,42.4359517,-70.9711474
25025170601,1275084,42.4073348,-71.0076986
25025170701,507432,42.402223,-70.9936992
25025170702,685788,42.4065672,-70.9974786
25025170800,842835,42.397202,-70.9867637
25025180101,1137772,42.3869153,-70.9750269
25025180200,1067653,42.3800132,-70.9880989
25025180301,721122,42.3722211,-70.989998
25025180400,582575,42.3773816,-70.9770258
25025180500,823354,42.3674141,-70.9715805
25025980101,3270315,42.3265116,-70.9390337
25025980300,2076316,42.3006134,-71.094613
25025980700,2887932,42.265018,-71.1400504
25025981000,1135611,42.298882,-71.1267094
25025981100,2713616,42.2879942,-71.1034042
25025981201,787095,42.3289903,-71.0346023
25025981202,1696452,42.3461928,-71.0262268
25025981300,7161418,42.3612027,-71.0070498
25025981501,914868,42.3524288,-71.0878101
25025981502,1252194,42.396367,-71.0043791
25025981600,586981,42.3886205,-70.9934424
25025981700,313766,42.3550969,-71.0657367
25025981800,699454,42.3231132,-71.1168903
25025990101,0,42.329611,-70.9491995
25027700100,99284671,42.6730523,-71.9203351
25027701100,77298252,42.6644143,-72.027549
25027702200,142361804,42.6787779,-72.1644985
25027703100,10807151,42.5759236,-72.2296177
25027703200,26436843,42.6128849,-72.2137029
25027703300,46405161,42.5740741,-72.2134794
25027704200,203268427,42.4747652,-72.2143185
25027705100,82565749,42.5634822,-72.0754719
25027706100,106327332,42.4895983,-72.0028783
25027707100,10278366,42.5545613,-71.9829585
25027707200,885538,42.5723215,-71.9882521
25027707300,3335745,42.5709992,-72.0100842
25027707400,14759494,42.5925965,-72.0234143
25027707500,27895453,42.5917812,-71.9666395
25027708100,91788815,42.5546,-71.9054402
25027709100,31854842,42.5249593,-71.8045051
25027709201,8745890,42.4986988,-71.7615268
25027709202,10703106,42.5026143,-71.7375101
25027709400,2892595,42.5237134,-71.7395053
25027709501,5484838,42.5343643,-71.7227814
25027709502,6100750,42.5573788,-71.741518
25027709600,3054276,42.5371082,-71.7499832
25027709701,4528208,42.5450353,-71.7748626
25027709702,1290225,42.534589,-71.7619817
25027710100,5088726,42.566448,-71.770522
25027710200,11640132,42.5593791,-71.8128397
25027710300,11970094,42.5692092,-71.8509359
25027710400,1536103,42.5709402,-71.8195315
25027710500,939772,42.5777554,-71.8218043
25027710600,3211646,42.5764365,-71.8013665
25027710700,580280,42.5830804,-71.7976414
25027710800,2337127,42.5913348,-71.8010218
25027711000,1040904,42.5874155,-71.7814878
25027711100,33739499,42.6264165,-71.815327
25027712101,34288861,42.6025718,-71.7409295
25027712102,34153788,42.5727327,-71.6946397
25027713100,71136863,42.4835693,-71.6755848
25027715100,51653450,42.4399412,-71.6018795
25027716100,10845264,42.4078337,-71.6890421
25027716200,2115913,42.4261168,-71.687983
25027716300,1681175,42.4179828,-71.677699
25027717100,33598334,42.384929,-71.6338895
25027718100,41586648,42.3550489,-71.716157
25027719100,79294039,42.4479238,-71.7760449
25027720100,91769490,42.4541251,-71.8775397
25027721101,53925827,42.3508615,-72.044248
25027721102,90948948,42.3882849,-71.9698654
25027722100,114858658,42.4188483,-72.1065981
25027723100,153752996,42.3359397,-72.1876124
25027724100,53034202,42.2566908,-72.158169
25027725100,55084355,42.2675643,-72.0668759
25027726100,79572689,42.2808444,-72.0152937
25027726200,5463145,42.2485746,-71.9931302
25027727100,38043663,42.3116934,-71.940282
25027728100,35706780,42.3281705,-71.8835053
25027728200,4164983,42.3278145,-71.8209424
25027728300,7614437,42.354646,-71.8529676
25027728400,43386202,42.3866432,-71.8474545
25027729100,28308057,42.3746407,-71.7862737
25027729200,5241995,42.3498998,-71.7895644
25027730100,5627374,42.3224657,-71.8069301
25027730200,4075792,42.3158375,-71.7804674
25027730300,2005169,42.3082818,-71.7943837
25027730401,2691314,42.2958941,-71.7846182
25027730402,720558,42.2869132,-71.7911885
25027730500,2745536,42.2902384,-71.8050176
25027730600,6293244,42.2987804,-71.8244416
25027730700,8478671,42.2827787,-71.8597373
25027730801,3158636,42.2816214,-71.8289741
25027730802,1046315,42.2728831,-71.8270582
25027730901,1226527,42.270288,-71.8354126
25027730902,1857423,42.268846,-71.8472248
25027731001,4000690,42.2556022,-71.8630283
25027731002,2649913,42.2499685,-71.8461215
25027731101,1380726,42.2561171,-71.8335016
25027731102,893827,42.2632052,-71.8277499
25027731202,99199,42.2515089,-71.823455
25027731203,751561,42.2507499,-71.8257163
25027731204,411260,42.2450472,-71.8263878
25027731300,743090,42.2513743,-71.8152408
25027731400,729167,42.2584573,-71.8161911
25027731500,608883,42.2630201,-71.8137677
25027731600,1243324,42.2701525,-71.8088527
25027731700,1258340,42.2638178,-71.8003874
25027731800,1584200,42.2688672,-71.7836347
25027731900,1089768,42.2774512,-71.7916493
25027732001,1106982,42.307585,-71.7734545
25027732002,5941272,42.2840765,-71.7728173
25027732201,1411186,42.2672651,-71.7590113
25027732202,1715783,42.2611115,-71.7730067
25027732203,1144879,42.2625853,-71.7826456
25027732301,2833626,42.2494185,-71.7560903
25027732302,888683,42.2536879,-71.7745049
25027732400,994657,42.2524275,-71.7890981
25027732500,797165,42.2542618,-71.8003471
25027732600,604369,42.2467317,-71.7987258
25027732700,852710,42.2420846,-71.7927394
25027732801,3485662,42.2381197,-71.7534378
25027732802,5578973,42.2287653,-71.7748662
25027732901,4895522,42.2271679,-71.7985635
25027732902,911370,42.2380581,-71.8056571
25027733000,1684264,42.2468343,-71.8132705
25027733101,2905016,42.2338553,-71.8362759
25027733102,1638220,42.2369961,-71.8500554
25027735100,36389434,42.2402537,-71.9262509
25027735200,23852330,42.2385639,-71.8906231
25027736100,12531757,42.1889993,-71.8705138
25027736200,6496218,42.2124221,-71.8584709
25027736300,4135338,42.2148635,-71.8346413
25027736400,4026798,42.2188234,-71.8104113
25027736500,12915394,42.1880678,-71.8285898
25027737100,25080951,42.1774977,-71.7871629
25027737200,1478987,42.1915995,-71.7586119
25027737300,14149197,42.2149058,-71.7457772
25027738100,10287894,42.1763105,-71.682441
25027738201,11338277,42.2063963,-71.7150859
25027738202,27306985,42.209425,-71.6705248
25027739100,19269611,42.2591481,-71.7061738
25027739200,4831513,42.2785091,-71.745066
25027739300,2716034,42.2837187,-71.7210768
25027739400,10094548,42.2936009,-71.6951211
25027739500,16791736,42.3085235,-71.726842
25027740101,24671271,42.3200355,-71.6654857
25027740102,18529965,42.3233774,-71.6256671
25027740200,4651984,42.3173315,-71.6417351
25027741101,16046558,42.3003871,-71.5103062
25027741102,20237936,42.300873,-71.5474127
25027742300,4890153,42.2674406,-71.6174916
25027742401,13810501,42.2427977,-71.6214942
25027742402,11185952,42.2587747,-71.6550145
25027743100,55941677,42.1765255,-71.6035879
25027744101,15432880,42.1730251,-71.5248533
25027744102,5355473,42.1557413,-71.5475586
25027744200,14008734,42.1413669,-71.4950206
25027744300,1171360,42.1396995,-71.5195283
25027744400,2238031,42.1430061,-71.5287235
25027745100,13403817,42.1230066,-71.531404
25027746100,46029211,42.0938697,-71.544519
25027747101,14722832,42.0326193,-71.5110947
25027747102,14055507,42.0402242,-71.5501487
25027748100,12592201,42.036642,-71.5787791
25027749100,67067919,42.056434,-71.6404009
25027749200,9560486,42.0869633,-71.6363293
25027750100,8092428,42.1187943,-71.6724941
25027750200,30525359,42.1316122,-71.6515122
25027750300,6101052,42.1526074,-71.6467991
25027751101,52137179,42.1315653,-71.732624
25027751102,31809049,42.1453698,-71.787223
25027752100,94313863,42.0530722,-71.7522414
25027753100,58083808,42.1355201,-71.8565164
25027753200,10595249,42.1150332,-71.8663248
25027754100,25635368,42.054433,-71.841772
25027754200,2485334,42.0549855,-71.8649632
25027754300,1052235,42.0535286,-71.8794773
25027754400,2832166,42.0298547,-71.8735517
25027755100,3073704,42.0480061,-71.8938483
25027755200,50879904,42.0537777,-71.9350751
25027756101,35005290,42.1470735,-72.0047456
25027756102,74238921,42.1249698,-71.9513754
25027757100,9902320,42.0950808,-72.0295021
25027757200,838713,42.0756169,-72.0294789
25027757300,932626,42.078385,-72.0389731
25027757400,1872829,42.0687053,-72.0445554
25027757500,38870416,42.0488047,-72.0300847
25027758101,39460682,42.0723914,-72.114897
25027758102,56966154,42.1243679,-72.0792637
25027759100,25570219,42.2096822,-72.0401777
25027760100,40216388,42.1807876,-72.1078905
25027761100,71308747,42.2001503,-72.1998075
25027761200,23469237,42.2837019,-71.5916328
25027761300,10126650,42.2396833,-71.7017472
25027761400,68437364,42.5042565,-71.5885131
