Code, Area (square meter), Latitude, Longitude
53001950100,1615246453,47.1508088,-118.3988155
53001950200,2629319396,46.9252695,-118.5092655
53001950300,725289095,46.8328914,-119.1181312
53001950400,3422470,46.8324166,-119.1664555
53001950500,12385959,46.8105682,-119.1599135
53003960100,1340244511,46.1474746,-117.1964025
53003960200,294895316,46.3442652,-117.3012796
53003960300,3965973,46.4190278,-117.0501391
53003960400,1586749,46.4127102,-117.0673121
53003960500,1850893,46.4061367,-117.0499947
53003960600,4900502,46.3949655,-117.0631243
53005010100,6310337,46.3162074,-119.2644955
53005010201,43504988,46.3306489,-119.3359909
53005010202,5224160,46.3226088,-119.2785281
53005010300,5920778,46.2865938,-119.3089064
53005010400,1502237,46.2814887,-119.2938376
53005010500,2603015,46.2841983,-119.2819
53005010600,7766786,46.2600123,-119.2649214
53005010701,36848714,46.2893195,-119.4523124
53005010703,49114513,46.3387116,-119.4122826
53005010705,7514652,46.2734965,-119.3380039
53005010707,5552300,46.2759694,-119.3701596
53005010708,8568841,46.2933833,-119.3658597
53005010803,11561633,46.2448253,-119.3037315
53005010805,10961930,46.2455125,-119.2586512
53005010807,97473584,46.2051368,-119.4105264
53005010809,3871829,46.2218346,-119.2356515
53005010810,5859620,46.2081839,-119.2564997
53005010811,23220264,46.2207634,-119.3136517
53005010813,20455353,46.1916269,-119.21962
53005010814,93427548,46.1649261,-119.3112181
53005010901,7322315,46.2191229,-119.2093445
53005010902,2563578,46.2062577,-119.1912849
53005011001,4359272,46.2220479,-119.1652925
53005011002,2963049,46.2041758,-119.169451
53005011100,5167030,46.1971927,-119.1489901
53005011200,2518096,46.2045535,-119.1330333
53005011300,5250592,46.2088971,-119.1124925
53005011401,2294219,46.1944727,-119.1192814
53005011402,7313002,46.1798857,-119.1156281
53005011501,52904614,46.1426002,-119.0203912
53005011503,84705132,46.1273102,-119.1328938
53005011504,13258241,46.1544601,-119.0924953
53005011600,1547637325,45.9981564,-119.4876321
53005011700,35167731,46.2045749,-119.7672865
53005011800,876683604,46.2988662,-119.7162676
53005011900,165132479,46.3234455,-119.5823476
53005012000,1140473223,46.5121696,-119.5581728
53007960100,3050054084,48.0774396,-120.5179641
53007960200,2545988920,47.8027874,-120.8977173
53007960300,454613681,47.9416376,-120.4497409
53007960400,136924338,47.9329418,-120.1070751
53007960500,830733829,47.4702971,-120.5755743
53007960600,9082464,47.5090841,-120.4640038
53007960700,136965195,47.5578432,-120.344706
53007960801,25063573,47.4488218,-120.3840392
53007960802,7023068,47.4430187,-120.3292861
53007961000,3011178,47.4216904,-120.3128891
53007961100,6838141,47.4003945,-120.3057995
53007961200,315472063,47.3204855,-120.2639238
53007961301,16711689,47.3943631,-120.3779245
53007961302,27306437,47.4132614,-120.3987639
53009000200,928616677,48.1797346,-124.4116596
53009000300,59395493,47.9449687,-124.3707971
53009000400,1061319590,48.0130485,-124.3181458
53009000600,1066105992,48.0037907,-123.8232377
53009000700,12436409,48.116665,-123.4915638
53009000800,3147267,48.1177852,-123.4627087
53009000900,2317249,48.1144131,-123.4452055
53009001000,1783304,48.1119682,-123.4287236
53009001100,11069843,48.0792075,-123.4393479
53009001200,6626360,48.1000168,-123.411369
53009001300,9985664,48.1042437,-123.3700006
53009001400,92505220,48.0710021,-123.3477931
53009001500,510005733,47.930621,-123.3651009
53009001600,21591300,48.1067388,-123.2334297
53009001700,32361001,48.1171561,-123.1691053
53009001800,221835200,47.9916054,-123.1920584
53009001900,37268797,48.1105655,-123.1039854
53009002000,20799234,48.088003,-123.0627588
53009002100,3769973,48.0787223,-123.100397
53009002300,289851861,47.9733074,-123.0081086
53009940000,110360974,48.3338551,-124.635404
53009990100,0,48.2311825,-123.9388085
53011040101,333652853,45.9208027,-122.364764
53011040102,53791716,45.8495399,-122.4574128
53011040201,59075948,45.893325,-122.673652
53011040202,69870913,45.9159722,-122.598534
53011040203,61272545,45.8428093,-122.5763423
53011040301,28372865,45.8446744,-122.707967
53011040302,58566971,45.8085138,-122.7302143
53011040403,42758301,45.788947,-122.6363851
53011040407,5736079,45.7736235,-122.5243706
53011040408,20313215,45.7512689,-122.5617122
53011040409,8280669,45.7393308,-122.6210146
53011040411,2049295,45.718068,-122.6438862
53011040412,3935037,45.7386229,-122.6499865
53011040413,6561747,45.773184,-122.5736758
53011040414,12712421,45.7946363,-122.5749673
53011040415,3596132,45.7909813,-122.5367058
53011040416,20044050,45.8057468,-122.5107768
53011040504,194499556,45.7736987,-122.3595744
53011040505,39997616,45.7576662,-122.4696311
53011040507,25473032,45.5634331,-122.2960013
53011040508,6426608,45.5888343,-122.324294
53011040509,1896755,45.5798368,-122.3603524
53011040510,47075905,45.6130262,-122.3272285
53011040511,86155139,45.7009639,-122.3246417
53011040603,55563824,45.684575,-122.424069
53011040604,22100136,45.6636568,-122.4667431
53011040605,21104046,45.6200646,-122.4064762
53011040608,9569642,45.6152359,-122.4559326
53011040609,3243650,45.5949522,-122.44357
53011040610,2983976,45.5997111,-122.413807
53011040703,4839487,45.6814592,-122.5633825
53011040706,1891206,45.6739862,-122.5386917
53011040707,1676265,45.68019,-122.5326159
53011040709,11630288,45.7157528,-122.5688437
53011040710,27768368,45.7224046,-122.5229101
53011040711,2001339,45.6879624,-122.542341
53011040712,2905252,45.6887816,-122.5161742
53011040803,3771595,45.7000322,-122.638414
53011040805,12795003,45.7149742,-122.6101076
53011040806,3494973,45.6891294,-122.586046
53011040808,3704552,45.6860461,-122.6108035
53011040809,2285628,45.689549,-122.6401626
53011040810,2212067,45.6825626,-122.6436105
53011040904,4220981,45.7028825,-122.6682987
53011040905,26254488,45.7534052,-122.7001427
53011040907,5454832,45.7143605,-122.7153747
53011040908,4384810,45.7037379,-122.6921501
53011040909,4218361,45.7167147,-122.6749544
53011040910,6958158,45.7336316,-122.6709023
53011041003,3396685,45.6622596,-122.6814208
53011041005,36623087,45.686038,-122.7398063
53011041007,1934809,45.6736564,-122.6748388
53011041008,2564820,45.6866557,-122.6905229
53011041009,2436544,45.6862962,-122.6702876
53011041010,3577020,45.6722381,-122.6504034
53011041011,3937924,45.6580555,-122.6489455
53011041104,1907451,45.6692934,-122.5736274
53011041105,4604521,45.6705344,-122.6177315
53011041107,2031927,45.6714148,-122.5911988
53011041108,3199795,45.6571872,-122.5884604
53011041110,3087797,45.6547166,-122.6262557
53011041111,747520,45.6456264,-122.608894
53011041112,2280650,45.6559176,-122.6076154
53011041201,4107951,45.6087262,-122.5642452
53011041203,3906367,45.6458379,-122.5818044
53011041205,2466933,45.6322587,-122.5877567
53011041206,3104270,45.6307864,-122.5689258
53011041309,3049427,45.6060986,-122.5442198
53011041310,3535536,45.5970739,-122.5155923
53011041312,2795047,45.6634143,-122.5441662
53011041313,1740747,45.6544403,-122.5632352
53011041317,2939796,45.6322157,-122.5524531
53011041318,3462621,45.63202,-122.5371638
53011041319,3253052,45.6352312,-122.5177639
53011041320,2225841,45.6216076,-122.5125594
53011041321,4097556,45.6290579,-122.4888805
53011041322,2098261,45.6155173,-122.5405729
53011041323,2076878,45.6112782,-122.5149151
53011041325,4758377,45.5885856,-122.4799189
53011041326,3482817,45.664489,-122.5185965
53011041327,7286352,45.6495567,-122.492233
53011041328,5485526,45.601075,-122.4749338
53011041329,3192375,45.6134323,-122.4888803
53011041330,1847272,45.6502513,-122.5389285
53011041331,1458502,45.6495871,-122.5520613
53011041332,1570729,45.6466368,-122.5184158
53011041333,1462338,45.6535585,-122.5199274
53011041400,8646984,45.5796068,-122.4326851
53011041500,3601956,45.583427,-122.3896813
53011041600,2693534,45.6385848,-122.6182829
53011041700,1133324,45.6411339,-122.639812
53011041800,1443600,45.6452114,-122.6536158
53011041900,1176296,45.6467352,-122.6663486
53011042000,698028,45.6522499,-122.6757531
53011042100,1316511,45.6452076,-122.6798981
53011042300,1208082,45.6357131,-122.6791221
53011042400,1027073,45.6246604,-122.6803105
53011042500,931478,45.6334199,-122.66791
53011042600,7399102,45.6215353,-122.6508691
53011042700,1191517,45.6336351,-122.6320231
53011042800,2472527,45.6235554,-122.6236787
53011042900,1578450,45.6250255,-122.6075072
53011043000,1315540,45.6253467,-122.597066
53011043100,3010904,45.6141997,-122.5882431
53013960200,2249624732,46.2928505,-117.9116345
53015000300,24012229,46.1054287,-122.9326045
53015000400,2188954,46.1377561,-122.9451253
53015000501,1105586,46.1279207,-122.9523467
53015000502,1467983,46.1252755,-122.9607436
53015000601,1226953,46.1399901,-122.9668806
53015000602,2310065,46.1451129,-122.9541722
53015000702,2978998,46.1553533,-122.971161
53015000703,5020434,46.1555542,-123.0023854
53015000704,6629366,46.1687751,-122.9960412
53015000800,16011915,46.1721458,-122.9549844
53015000900,13612796,46.180952,-122.9271421
53015001000,785580,46.1462992,-122.9153962
53015001100,6541358,46.1283435,-122.9026388
53015001200,20065484,46.1296556,-122.8729754
53015001300,9875471,46.1770031,-122.8874011
53015001501,406203731,46.0371496,-122.4785461
53015001502,71995520,45.9208101,-122.7587171
53015001600,106616320,46.0301286,-122.7847551
53015001700,393385300,46.1340403,-122.7497227
53015001800,1149206221,46.2507184,-122.4846521
53015001900,292662778,46.2455926,-123.0929788
53015002001,227673778,46.3315209,-123.0497709
53015002002,188664477,46.3203752,-122.842564
53015002100,3479743,46.1325245,-122.925376
53017950100,2155486864,47.909828,-119.5449568
53017950200,2345375029,47.5940007,-119.7789778
53017950300,183770305,47.3750711,-120.155408
53017950400,10707895,47.4471864,-120.2927632
53017950500,2347524,47.4186507,-120.2908202
53017950600,5925848,47.4260345,-120.2700042
53017950700,2636822,47.4111559,-120.2707239
53017950800,5619042,47.3960556,-120.2643556
53019940000,2807565539,48.2182274,-118.5224708
53019970100,2004646391,48.7935735,-118.4168881
53019970200,894148762,48.6432466,-118.664512
53021020100,38565141,46.2429771,-119.0647059
53021020200,2476580,46.2364726,-119.0967532
53021020300,3631182,46.2493847,-119.1100996
53021020400,4440350,46.233135,-119.1187903
53021020501,9219336,46.251801,-119.2036663
53021020502,11021799,46.2434073,-119.1565584
53021020601,534053859,46.4364178,-119.1267747
53021020603,3062316,46.266832,-119.2019488
53021020605,7141870,46.2682466,-119.1619365
53021020606,9598791,46.2784803,-119.2378996
53021020700,1408050573,46.5091907,-118.6934019
53021020800,1177246226,46.6393457,-119.0316968
53021980100,7209999,46.2658531,-119.1196036
53023970300,1841054914,46.4294779,-117.5367111
53025010100,1361202730,47.6470649,-119.1859597
53025010200,1099370067,47.2696226,-119.1711192
53025010300,151605781,47.3647341,-119.4706652
53025010400,82368218,47.3329671,-119.5435418
53025010500,716418943,47.3094355,-119.8438528
53025010600,8428676,47.2361864,-119.8562646
53025010700,853622124,47.0474885,-119.6084876
53025010800,37645066,47.1978989,-119.3190597
53025010901,11269564,47.1741358,-119.2879421
53025010902,17171326,47.1356118,-119.323049
53025011000,95321678,47.1239862,-119.2273265
53025011100,8389386,47.1064945,-119.3104372
53025011200,568765672,47.2353603,-119.5761153
53025011300,284854834,46.9783547,-119.0963794
53025011401,268105925,46.9174129,-119.414507
53025011402,1375292900,46.8123207,-119.7135657
53027000200,317752654,47.1038049,-124.1174848
53027000300,1445790289,47.2804542,-123.8016043
53027000400,649250236,47.1562306,-123.5884695
53027000500,135141036,47.0226388,-123.434974
53027000600,99153354,47.0400218,-123.2725012
53027000700,979894609,46.8838437,-123.4719192
53027000800,83829371,46.9760205,-123.706088
53027000900,23490608,46.9487873,-123.7925006
53027001000,6302527,46.9809214,-123.7925587
53027001100,5827478,46.9885769,-123.8285234
53027001200,3589209,46.9685991,-123.8400085
53027001300,41384638,47.0145337,-123.8554836
53027001400,29029336,47.0289826,-123.8907017
53027001500,26460379,46.9876457,-124.0081419
53027001600,294666065,46.8710235,-123.9677143
53027940000,782782049,47.4191801,-124.1403664
53027990000,0,47.1639609,-124.2655582
53029970100,26517419,48.3909174,-122.6174648
53029970200,18048529,48.3399471,-122.6683853
53029970300,46840682,48.3290384,-122.5751135
53029970400,14197066,48.318534,-122.6710852
53029970500,23101417,48.2720817,-122.7074752
53029970601,1627511,48.3027217,-122.6632901
53029970602,1976740,48.2921425,-122.6658138
53029970700,2051919,48.2900942,-122.6549929
53029970800,1564792,48.3015009,-122.6381195
53029970900,11633122,48.2976251,-122.5727329
53029971000,34963144,48.220766,-122.7438343
53029971100,45358282,48.1837987,-122.6496927
53029971300,55895931,48.072751,-122.5860359
53029971400,29108747,48.2188252,-122.5145095
53029971500,27611937,48.2145613,-122.4526433
53029971600,20786518,48.1693578,-122.5075369
53029971700,25456588,48.1096022,-122.4214835
53029971800,21851765,47.9828721,-122.5252614
53029971900,51559687,48.0593268,-122.4807377
53029972000,47741414,47.987852,-122.4059282
53029972100,31815960,47.9375721,-122.3934862
53029992201,0,48.3395551,-122.7962515
53031950202,251332205,47.8392646,-122.9123069
53031950300,208134526,47.9053451,-122.7180541
53031950400,35026810,48.0630915,-122.7015436
53031950500,160770877,48.1307315,-122.9265171
53031950601,10002437,48.139784,-122.7741138
53031950602,11224389,48.1382127,-122.7997724
53031950702,3995299466,47.7422402,-123.8056594
53031990000,0,47.7318226,-124.53484
53033000100,1908930,47.7247297,-122.2845705
53033000200,3286278,47.7266401,-122.3099963
53033000300,1211017,47.7305259,-122.3329277
53033000401,1281400,47.7301879,-122.3518014
53033000402,1798937,47.7168585,-122.3523664
53033000500,2895569,47.7224094,-122.3710555
53033000600,3783735,47.719552,-122.331415
53033000700,1294678,47.7156893,-122.3018631
53033000800,1141569,47.7112491,-122.286082
53033000900,1007015,47.7063747,-122.2749586
53033001000,954470,47.7064068,-122.2960647
53033001100,1060416,47.706547,-122.3068073
53033001200,1834059,47.7071214,-122.3228194
53033001300,1183904,47.7022815,-122.3421789
53033001400,2137295,47.7078795,-122.3674088
53033001500,1170486,47.6946324,-122.3949744
53033001600,2041026,47.7004764,-122.3799022
53033001701,892768,47.6963619,-122.3544843
53033001702,1280220,47.6965212,-122.3639488
53033001800,943059,47.6940453,-122.3419781
53033001900,1663247,47.6965349,-122.326216
53033002000,1103320,47.695331,-122.3108025
53033002100,1365469,47.6953673,-122.2980453
53033002200,2769401,47.6941159,-122.2754574
53033002400,978016,47.6866808,-122.2878263
53033002500,984334,47.6838969,-122.3022793
53033002600,1216627,47.6822031,-122.3113993
53033002700,1597300,47.6868671,-122.3311548
53033002800,979865,47.685114,-122.349945
53033002900,986207,47.6850872,-122.3606466
53033003000,1493249,47.6850958,-122.3740444
53033003100,2232860,47.6877574,-122.3964308
53033003200,2213071,47.6753292,-122.4022855
53033003300,1296280,47.6759715,-122.3768118
53033003400,787147,47.6740646,-122.3617463
53033003500,1284759,47.6725466,-122.3520881
53033003600,1196464,47.6771912,-122.3242054
53033003800,624606,47.6794093,-122.2955292
53033003900,973808,47.6794117,-122.2823414
53033004000,2605311,47.681718,-122.252368
53033004100,3262543,47.6692654,-122.2582166
53033004200,2464093,47.6702045,-122.2841013
53033004301,979235,47.6694019,-122.3002215
53033004302,330838,47.6647418,-122.3035951
53033004400,989907,47.670341,-122.3119324
53033004500,670997,47.6685824,-122.3229111
53033004600,1552357,47.683092,-122.3378674
53033004700,1955447,47.6660659,-122.3749544
53033004800,1318564,47.6608472,-122.3601847
53033004900,1085823,47.6571964,-122.3518455
53033005000,757380,47.6608696,-122.3418076
53033005100,881710,47.6585183,-122.3322481
53033005200,967022,47.6595705,-122.3235185
53033005301,543486,47.661505,-122.3131216
53033005302,2507220,47.6540399,-122.3012544
53033005400,1199276,47.6486281,-122.3381362
53033005600,3032928,47.6405468,-122.4071053
53033005700,5109618,47.6581015,-122.4137704
53033005801,1814668,47.6548926,-122.3850376
53033005802,3091585,47.6353633,-122.3802928
53033005900,1805736,47.6492259,-122.3685688
53033006000,1351872,47.6432313,-122.3527936
53033006100,1191968,47.644805,-122.3222796
53033006200,2728141,47.6391316,-122.3012264
53033006300,2306076,47.63214,-122.2775439
53033006400,903649,47.6285398,-122.3048258
53033006500,1147618,47.6309633,-122.3177579
53033006600,1099864,47.6286171,-122.3329766
53033006700,1278219,47.6318633,-122.3442667
53033006800,718104,47.6360306,-122.3564653
53033006900,902888,47.6343628,-122.3669714
53033007000,805962,47.6282328,-122.3568062
53033007100,862094,47.6224443,-122.3574017
53033007200,1010265,47.6194539,-122.3431175
53033007300,926050,47.6199882,-122.3335164
53033007401,259384,47.6229244,-122.3246584
53033007402,249281,47.6187608,-122.3244188
53033007500,801542,47.6183915,-122.316886
53033007600,571879,47.6218678,-122.3075858
53033007700,1058324,47.6191203,-122.2973516
53033007800,2109112,47.6141558,-122.2810958
53033007900,698477,47.6143865,-122.3076722
53033008001,502508,47.6150718,-122.3552018
53033008002,229060,47.6120871,-122.3452591
53033008100,827621,47.6058683,-122.3393353
53033008200,366707,47.6103728,-122.331941
53033008300,237442,47.6118178,-122.3280041
53033008400,382616,47.6134675,-122.3239419
53033008500,474314,47.6051118,-122.324947
53033008600,711564,47.6071031,-122.3166894
53033008700,732385,47.6059236,-122.3077909
53033008800,948580,47.6073299,-122.2976324
53033008900,1275571,47.6010291,-122.285229
53033009000,820732,47.5982642,-122.3090976
53033009100,418834,47.5984232,-122.3217544
53033009200,330238,47.6004657,-122.3348315
53033009300,9429073,47.5771253,-122.330936
53033009400,1723073,47.5881924,-122.3098671
53033009500,2596051,47.5783426,-122.2831943
53033009600,1905650,47.5899898,-122.3882351
53033009701,1861357,47.5731929,-122.4101745
53033009702,2219067,47.571927,-122.3960103
53033009800,1930637,47.5719546,-122.383094
53033009900,6566267,47.5794536,-122.3550326
53033010001,2254022,47.5673069,-122.3043618
53033010002,948258,47.576579,-122.3095727
53033010100,2509573,47.5673382,-122.2727022
53033010200,2783290,47.5564564,-122.2517138
53033010300,1660254,47.5541363,-122.282639
53033010401,1616685,47.553203,-122.2956373
53033010402,1798893,47.5537876,-122.3102256
53033010500,1717927,47.5574406,-122.3855495
53033010600,2594296,47.5476485,-122.3918719
53033010701,1453053,47.5450794,-122.3675044
53033010702,784451,47.5468035,-122.3730315
53033010800,4093698,47.5440342,-122.3498743
53033010900,4775571,47.5425052,-122.3199752
53033011001,1070775,47.5383594,-122.2862045
53033011002,1676109,47.540414,-122.2989097
53033011101,1150365,47.539484,-122.2773724
53033011102,1303226,47.5379287,-122.2633613
53033011200,2771967,47.5296655,-122.3262393
53033011300,3157573,47.527369,-122.3448435
53033011401,1233155,47.5297061,-122.362028
53033011402,1186185,47.5206654,-122.3646254
53033011500,1538373,47.5301833,-122.375533
53033011600,3109902,47.5282704,-122.3897768
53033011700,3515612,47.5201432,-122.2828576
53033011800,2301121,47.5168113,-122.2639039
53033011900,3197091,47.5072824,-122.2517998
53033012000,1447511,47.5129291,-122.3806808
53033012100,1721296,47.507595,-122.3873799
53033020100,1766031,47.7707111,-122.387361
53033020200,2591503,47.7716671,-122.3633577
53033020300,2557040,47.7689986,-122.3417532
53033020401,2314353,47.7708202,-122.3195385
53033020402,2786018,47.7695101,-122.297027
53033020500,2722043,47.7562524,-122.3138057
53033020600,1974729,47.7560214,-122.3321002
53033020700,1711192,47.7561637,-122.3473227
53033020800,3114128,47.756977,-122.3716178
53033020900,4725826,47.7432786,-122.3639033
53033021000,2635365,47.7396007,-122.3357847
53033021100,2619717,47.7412054,-122.3128854
53033021300,1785307,47.7402939,-122.286956
53033021400,3132489,47.7507662,-122.2924491
53033021500,3473757,47.7643848,-122.2737863
53033021600,2871800,47.7670311,-122.2582787
53033021700,5652835,47.7642478,-122.2352407
53033021802,4918799,47.7674351,-122.1727302
53033021803,3280558,47.7644711,-122.214431
53033021804,3060844,47.7657857,-122.1964052
53033021903,3131309,47.7175135,-122.1788294
53033021904,3415042,47.7229472,-122.1615802
53033021905,2691309,47.7432107,-122.1814284
53033021906,3835112,47.7406381,-122.1646905
53033022001,4418475,47.7451884,-122.1988998
53033022003,2318479,47.7257309,-122.1982414
53033022005,2422668,47.7116184,-122.193895
53033022006,1408906,47.7043393,-122.1992667
53033022101,3595675,47.7418778,-122.255917
53033022102,4679990,47.7424731,-122.2259261
53033022201,2290374,47.7263403,-122.2320467
53033022202,2613888,47.7206893,-122.2143318
53033022203,3134031,47.7067004,-122.2253264
53033022300,5071408,47.7138279,-122.2495245
53033022400,4621985,47.6859329,-122.2113268
53033022500,3737443,47.6799379,-122.1930142
53033022603,2889066,47.6948197,-122.1716302
53033022604,2955134,47.6762277,-122.1740018
53033022605,4726392,47.6914611,-122.1557449
53033022606,2758090,47.6689188,-122.1547915
53033022701,1503319,47.6548842,-122.2056738
53033022702,2450342,47.6568197,-122.1942746
53033022703,4207620,47.6572914,-122.1758429
53033022801,4864655,47.6464292,-122.1532195
53033022802,2655983,47.6633889,-122.1350051
53033022803,4772680,47.6439331,-122.1312723
53033022901,1485128,47.6366049,-122.1183889
53033022902,3537564,47.6403935,-122.102278
53033023000,3328628,47.6217389,-122.1029997
53033023100,2528130,47.5973601,-122.1103319
53033023201,1589792,47.6186062,-122.1375409
53033023202,1470665,47.6179632,-122.1270727
53033023300,3589674,47.6003452,-122.1289619
53033023401,3741221,47.5867511,-122.1467333
53033023403,3318324,47.5805595,-122.1141855
53033023404,1845141,47.566993,-122.0852255
53033023500,2273133,47.5913824,-122.1728599
53033023601,4602336,47.6104583,-122.171913
53033023603,2028191,47.6173977,-122.1508058
53033023604,2939207,47.599391,-122.153951
53033023700,7531442,47.6327201,-122.1733574
53033023801,3723106,47.5957111,-122.1886971
53033023803,563966,47.6192542,-122.1978583
53033023804,1221174,47.613281,-122.1984643
53033023900,4745879,47.5830772,-122.2002236
53033024000,4684686,47.6273756,-122.2042081
53033024100,4475292,47.6444734,-122.2200163
53033024200,3702851,47.634746,-122.240254
53033024300,4142690,47.5901123,-122.245844
53033024400,1688537,47.5822829,-122.217867
53033024500,3818558,47.5664296,-122.2170417
53033024601,3967837,47.5484565,-122.2237306
53033024602,2896025,47.530691,-122.2339165
53033024701,2739264,47.5614778,-122.1808593
53033024702,6416137,47.5396112,-122.1898817
53033024800,3775631,47.5743916,-122.1521005
53033024901,3183752,47.5633033,-122.1575188
53033024902,2029986,47.5653697,-122.1337183
53033024903,4963583,47.5508498,-122.1412595
53033025001,3531211,47.5379558,-122.1689468
53033025003,6399306,47.5567474,-122.1079835
53033025005,7684833,47.5306824,-122.1466867
53033025006,22399493,47.5269216,-122.0986787
53033025101,2935518,47.509392,-122.1549957
53033025102,6232161,47.4980982,-122.140725
53033025200,4545406,47.5106806,-122.1827454
53033025301,3797094,47.5102693,-122.2031668
53033025302,3993483,47.4920202,-122.2153516
53033025400,2301456,47.4945379,-122.1839111
53033025500,1525767,47.4970783,-122.1699573
53033025601,2894103,47.4827528,-122.1748691
53033025602,5204952,47.4777132,-122.1488815
53033025701,3778558,47.4716049,-122.1913869
53033025702,2860501,47.4638276,-122.1646069
53033025803,1343482,47.4503896,-122.178457
53033025804,2358345,47.4547647,-122.1691692
53033025805,2392256,47.4544039,-122.1939162
53033025806,2936688,47.4550034,-122.2107374
53033026001,2730555,47.4989838,-122.2361571
53033026002,2767313,47.4825107,-122.2239768
53033026100,4299299,47.4910723,-122.2500978
53033026200,15261730,47.4591441,-122.2435898
53033026300,4832112,47.5089352,-122.2891618
53033026400,4775258,47.5090918,-122.3112029
53033026500,1993795,47.5141751,-122.3382257
53033026600,1160397,47.512846,-122.3632681
53033026700,3084838,47.4962149,-122.3638882
53033026801,1541376,47.5076338,-122.3433587
53033026802,2035728,47.497829,-122.3413234
53033027000,1978526,47.4976819,-122.3219067
53033027100,1569803,47.4920446,-122.2998371
53033027200,3323738,47.4867948,-122.2813197
53033027300,3546826,47.4805957,-122.298521
53033027400,3325460,47.4827326,-122.3236114
53033027500,2229520,47.4816357,-122.341172
53033027600,2853268,47.4749473,-122.354653
53033027701,44157316,47.4509608,-122.4764915
53033027702,51484409,47.3954027,-122.4686016
53033027800,2583030,47.4515094,-122.3679231
53033027900,3355577,47.4638936,-122.3478454
53033028000,1950999,47.466716,-122.3244687
53033028100,1585752,47.4687464,-122.2989253
53033028200,2697144,47.4656308,-122.2755633
53033028300,8201009,47.4309168,-122.2693876
53033028402,8492417,47.4504814,-122.3033032
53033028403,2094668,47.4388123,-122.283405
53033028500,3509794,47.4454085,-122.3248135
53033028600,6410989,47.4329749,-122.3446892
53033028700,2675323,47.4212394,-122.3278018
53033028801,5182692,47.4206904,-122.3086544
53033028802,2436529,47.4249416,-122.2880021
53033028901,2296352,47.4026302,-122.3203514
53033028902,2065173,47.399399,-122.3017519
53033029001,2565179,47.3840122,-122.3220799
53033029003,2565863,47.3825299,-122.3057624
53033029004,1830329,47.3798455,-122.2968941
53033029101,3369036,47.3975237,-122.2794706
53033029102,2567134,47.379886,-122.2841327
53033029203,2009022,47.3862784,-122.2313781
53033029204,4234265,47.3955305,-122.2160422
53033029205,1868726,47.3878154,-122.2636313
53033029206,17212462,47.4144378,-122.2433601
53033029303,3609517,47.4368907,-122.2014158
53033029304,4132302,47.4385923,-122.169186
53033029305,2897233,47.4219144,-122.2114434
53033029306,2372865,47.4214221,-122.1801056
53033029307,3808776,47.4218407,-122.1594823
53033029403,2407383,47.4094368,-122.2002607
53033029405,2492141,47.4089183,-122.1759183
53033029406,2616767,47.397426,-122.1786798
53033029407,1360512,47.3942408,-122.2017733
53033029408,1238189,47.3946962,-122.1916681
53033029502,4309767,47.3741574,-122.1753447
53033029503,2361402,47.3763084,-122.2063943
53033029504,1883409,47.3797202,-122.1945496
53033029601,3951035,47.3561518,-122.1841491
53033029602,6658549,47.338352,-122.1880633
53033029700,11064672,47.3647615,-122.2261718
53033029801,7901367,47.3605612,-122.2678695
53033029802,6737769,47.3445746,-122.2747262
53033029901,3848647,47.3240587,-122.282336
53033029902,6301678,47.3204223,-122.2617258
53033030003,4604659,47.3588458,-122.3152313
53033030004,2140370,47.350225,-122.3030953
53033030005,2237120,47.3365003,-122.3025473
53033030006,2071658,47.3240403,-122.3041394
53033030100,5902911,47.3361138,-122.3469054
53033030201,2807514,47.3206275,-122.3485442
53033030202,3266213,47.3244001,-122.3231461
53033030304,7371303,47.2760561,-122.3313814
53033030305,3819394,47.3189889,-122.3888645
53033030306,3705445,47.3130416,-122.3996449
53033030308,2154064,47.3083168,-122.3520249
53033030309,2194431,47.3034954,-122.3372996
53033030310,3205495,47.2901057,-122.3495936
53033030311,1900453,47.3078811,-122.368573
53033030312,1852905,47.2932141,-122.3682009
53033030313,4011901,47.3002653,-122.3139549
53033030314,2492082,47.3080966,-122.3237353
53033030401,12143305,47.2944923,-122.2856128
53033030403,3864080,47.2677479,-122.30923
53033030404,5998045,47.267424,-122.2759315
53033030501,11347164,47.3273852,-122.2353377
53033030503,3233592,47.3425912,-122.2130827
53033030504,1524226,47.3211155,-122.2135048
53033030600,3354002,47.3069144,-122.2074969
53033030700,1563565,47.2971636,-122.2215689
53033030801,6930077,47.2873666,-122.2352954
53033030802,1372874,47.2860456,-122.2137235
53033030901,3179793,47.2808274,-122.2529531
53033030902,3896281,47.2657557,-122.2444934
53033031000,12186374,47.2689535,-122.1862464
53033031100,7334442,47.2909147,-122.1894911
53033031202,66840444,47.2520052,-122.0674874
53033031204,36902174,47.306388,-122.129911
53033031205,5824391,47.3280223,-122.177855
53033031206,3661128,47.3135579,-122.1835289
53033031301,32977499,47.2046996,-122.0589541
53033031302,10823919,47.1859751,-122.0119002
53033031400,6376535,47.206636,-121.9889145
53033031501,161444828,47.32038,-121.8791431
53033031502,1025843811,47.2402889,-121.6344475
53033031601,14669537,47.331213,-122.0859477
53033031603,56005508,47.3236554,-121.991822
53033031604,4155317,47.3543713,-122.0323107
53033031605,15390889,47.3232517,-122.0465811
53033031703,7140464,47.3716888,-122.1484314
53033031704,5745029,47.3486004,-122.1450935
53033031705,5049496,47.3823314,-122.1152699
53033031706,4168149,47.364007,-122.1167425
53033031800,24903607,47.4085335,-122.1178188
53033031903,11736797,47.4821782,-122.110871
53033031904,18942608,47.4643625,-122.0637746
53033031906,10810185,47.4362438,-122.0943078
53033031907,5531333,47.4532903,-122.130477
53033031908,1827094,47.4471071,-122.1427639
53033031909,1916059,47.4378388,-122.1434772
53033032002,27600238,47.4251944,-122.0520304
53033032003,122146108,47.4409399,-121.9259862
53033032005,6296644,47.3732236,-122.084836
53033032006,7614213,47.3499202,-122.0803474
53033032007,11493403,47.3907811,-122.067078
53033032008,2292759,47.364506,-122.0492466
53033032010,4837911,47.3780303,-122.0233193
53033032011,3349737,47.3671108,-122.030164
53033032102,79057909,47.4851507,-121.9657839
53033032103,4007614,47.5388094,-122.0482836
53033032104,22475754,47.5051213,-122.0531547
53033032203,10073200,47.5954515,-122.0694737
53033032207,4627639,47.5834873,-122.0602972
53033032208,10911854,47.5605812,-122.0461488
53033032210,41785785,47.5511781,-121.9640487
53033032211,2975615,47.5798198,-122.0193628
53033032212,3372135,47.569504,-122.0082855
53033032213,4137374,47.586805,-121.9887226
53033032214,6683460,47.6028805,-122.0215
53033032215,16009904,47.6062193,-121.9865085
53033032307,11753127,47.7580051,-122.0907595
53033032309,6164093,47.6856238,-122.1338163
53033032311,23584832,47.7515039,-122.0387481
53033032313,13023123,47.6705092,-122.089013
53033032315,44497086,47.6759251,-121.9890964
53033032316,6230965,47.6392206,-122.0712475
53033032317,4393971,47.6276169,-122.0479843
53033032318,7326175,47.6364848,-122.0365282
53033032319,6833878,47.7596618,-122.1475811
53033032320,9614160,47.7564769,-122.1244452
53033032321,12662428,47.7179133,-122.1263093
53033032322,4625049,47.726004,-122.0978452
53033032323,3291832,47.6986018,-122.1117667
53033032324,2048589,47.6855267,-122.1199841
53033032325,2212935,47.6864819,-122.1049565
53033032326,10460421,47.700761,-122.0785848
53033032327,16120164,47.7100617,-122.0434083
53033032328,8504237,47.6641638,-122.0461286
53033032329,9669025,47.6836611,-122.0297142
53033032401,56075453,47.7463169,-121.947874
53033032402,25135990,47.7050513,-121.9486574
53033032500,214233884,47.7019699,-121.8306143
53033032601,61320368,47.5815307,-121.8699449
53033032602,30193714,47.5350747,-121.8783343
53033032702,510723379,47.4631766,-121.4990586
53033032703,10276658,47.5144259,-121.8179472
53033032704,17087220,47.494074,-121.771674
53033032800,1390392370,47.6530738,-121.4312774
53033990100,0,47.5114467,-122.4154275
53035080101,2222364,47.5971819,-122.6482136
53035080102,2352104,47.5919702,-122.6378825
53035080200,2488271,47.5975999,-122.6212773
53035080300,1665513,47.5830335,-122.6219546
53035080400,2834069,47.5858665,-122.6024334
53035080500,1047524,47.5663845,-122.6236057
53035080600,2338312,47.5794687,-122.6494564
53035080700,3813823,47.591731,-122.67488
53035080800,1079560,47.5874575,-122.6914367
53035080900,13703378,47.5545906,-122.6956931
53035081000,3143655,47.5537558,-122.6691376
53035081100,1496008,47.5649675,-122.6575808
53035081200,866673,47.5672155,-122.6427904
53035081400,1700695,47.5608248,-122.6305585
53035090101,46128025,47.8586518,-122.5704821
53035090102,48670692,47.8201614,-122.5111756
53035090201,16525608,47.7826635,-122.6720419
53035090202,52223443,47.8017003,-122.611808
53035090300,28765393,47.7245503,-122.7160114
53035090400,22885548,47.7155912,-122.6722681
53035090501,5791508,47.742662,-122.6453605
53035090502,7035969,47.7402073,-122.6267559
53035090700,16564017,47.6852765,-122.5277148
53035090800,18696125,47.6692046,-122.5598851
53035090900,7642976,47.6333101,-122.5117509
53035091000,28617811,47.6133852,-122.543901
53035091100,19894613,47.6756645,-122.6317547
53035091201,5792121,47.6484942,-122.7008884
53035091203,6114906,47.6706236,-122.6645449
53035091204,3575682,47.6476102,-122.6745265
53035091301,35051848,47.6152125,-122.8198809
53035091302,34238842,47.6522391,-122.7423623
53035091400,8212944,47.6019181,-122.689175
53035091500,5085439,47.6289311,-122.669034
53035091600,5122361,47.6396874,-122.6496358
53035091700,7387770,47.642577,-122.6193665
53035091800,6609695,47.6083906,-122.6021165
53035091900,3957534,47.6136699,-122.6522303
53035092000,190057301,47.5635284,-122.8504366
53035092100,69534157,47.4933032,-122.721945
53035092200,5518652,47.5289923,-122.6484447
53035092300,7443781,47.5189436,-122.625002
53035092400,6106261,47.5212725,-122.5964115
53035092500,12153465,47.5538649,-122.5931152
53035092600,12013863,47.5564833,-122.5491213
53035092701,24488805,47.4903542,-122.5751327
53035092704,17955506,47.5064576,-122.5168074
53035092801,11707855,47.4951928,-122.6135979
53035092802,26483048,47.4534918,-122.5753279
53035092803,18026699,47.4150138,-122.5864467
53035092901,71125275,47.4303863,-122.7206306
53035092902,27583736,47.4341433,-122.6417881
53035940000,13611391,47.7552727,-122.5114837
53035940100,28153502,47.7321188,-122.5802904
53035990100,0,47.520236,-123.038404
53037975100,1766880385,47.3623847,-121.0393849
53037975200,1539574724,47.044086,-120.9164707
53037975300,1536290237,47.136491,-120.326724
53037975401,6369833,47.008078,-120.5198838
53037975402,14185847,46.981379,-120.5169294
53037975500,16152103,47.0198463,-120.5839142
53037975600,8103792,46.9830278,-120.5539698
53037975700,1062420033,46.8620898,-120.2290825
53039950100,3308916420,45.9059271,-120.5528578
53039950200,906391775,45.7833556,-121.1252466
53039950300,632207826,45.8749299,-121.4786823
53041970100,450804105,46.6810055,-123.1792206
53041970200,34098512,46.6941176,-123.0044156
53041970300,14937776,46.7490865,-123.0037407
53041970400,35905644,46.7385084,-122.9357535
53041970500,2348782,46.7295626,-122.9653186
53041970600,1168647,46.717403,-122.9679788
53041970700,12839982,46.7044996,-122.9284675
53041970800,37795445,46.6688813,-122.9267597
53041970900,1865225,46.6545114,-122.9680228
53041971000,9669921,46.6376786,-122.9480751
53041971100,352343918,46.6597225,-122.7848072
53041971200,142674532,46.5126651,-122.7287697
53041971300,106700718,46.5334909,-122.8783078
53041971400,54790193,46.6131369,-122.9633237
53041971500,707082363,46.5109989,-123.1649688
53041971600,182691300,46.4313125,-122.9917074
53041971700,667802676,46.4600455,-122.5150257
53041971800,1119140144,46.6702665,-122.289677
53041971900,540038484,46.5148965,-122.1671403
53041972000,1748452634,46.498365,-121.6782267
53043960100,4942243,47.6505945,-118.1579558
53043960200,1409927227,47.7143308,-118.1100198
53043960300,1910302792,47.7226741,-118.6888798
53043960400,2659086690,47.397694,-118.3662834
53045940000,21255690,47.3333185,-123.1575681
53045960100,923633971,47.4613839,-123.3128167
53045960200,588537111,47.280939,-123.2804675
53045960300,228293628,47.4443345,-122.9860811
53045960400,119819650,47.393598,-122.8491775
53045960500,124909910,47.3193056,-123.0688304
53045960600,50205028,47.2402194,-123.1521196
53045960700,1936147,47.2244603,-123.1194547
53045960800,13562638,47.2335745,-123.090368
53045960900,5661754,47.2015548,-123.108283
53045961000,58621382,47.1895037,-123.0152277
53045961100,105840446,47.2306537,-122.9651489
53045961200,65367587,47.2986031,-122.9635943
53045961300,177162056,47.118232,-123.1667533
53047940100,924245296,48.2528216,-118.9373206
53047940200,1748037677,48.3176297,-119.2787561
53047970300,3285782336,48.7873839,-119.3068549
53047970400,585535238,48.7004711,-119.4968208
53047970500,1033040002,48.5276129,-119.7256116
53047970600,40293004,48.4256903,-119.5217102
53047970700,87521903,48.3017753,-119.7535526
53047970800,540888834,48.197529,-119.8475182
53047970900,3821118812,48.7033882,-120.3722518
53047971000,1572846198,48.2589121,-120.1420149
53049950200,401391592,46.7440073,-123.6825273
53049950300,376790070,46.6541745,-123.9011591
53049950400,1502696365,46.4979194,-123.6740272
53049950500,62979553,46.3514267,-123.9924573
53049950600,3297027,46.3483499,-124.0591663
53049950700,26560363,46.4312069,-124.0320596
53049950800,42157204,46.5827228,-124.0272568
53049990100,0,46.5287657,-124.1095524
53051970100,1741348120,48.7166048,-117.2526299
53051970200,1209324192,48.4859383,-117.3043923
53051970300,92634343,48.1985341,-117.1089562
53051970400,416785491,48.1559487,-117.3308855
53051970500,166541014,48.1051127,-117.1154811
53053060200,15723797,47.2668489,-122.4078355
53053060300,5515503,47.306805,-122.5268439
53053060400,2537792,47.2852555,-122.4851483
53053060500,2116836,47.275214,-122.4746683
53053060600,2130220,47.2733562,-122.4580971
53053060700,2105866,47.261373,-122.4785267
53053060800,2583067,47.265596,-122.4963465
53053060903,2313031,47.2860173,-122.5263961
53053060904,1948487,47.2808047,-122.5099314
53053060905,3038716,47.2665694,-122.5335814
53053060906,1573421,47.2633152,-122.5097996
53053061001,2874166,47.2539313,-122.5484041
53053061002,3029116,47.2462062,-122.5223595
53053061100,4353613,47.2455764,-122.4936719
53053061200,1890514,47.2490842,-122.4745331
53053061300,1574643,47.2500153,-122.4589966
53053061400,927202,47.2502459,-122.4483265
53053061500,1171144,47.2621977,-122.4494504
53053061601,761485,47.2542281,-122.4402346
53053061602,1056965,47.2401506,-122.4377414
53053061700,2641463,47.2378473,-122.4584483
53053061800,1383817,47.2267872,-122.4518338
53053061900,1039865,47.2276734,-122.4341708
53053062000,2065341,47.2293124,-122.4184094
53053062300,2455989,47.2142233,-122.4167847
53053062400,2266569,47.2145262,-122.4337774
53053062500,2900393,47.2149287,-122.4522054
53053062600,6946140,47.2203846,-122.4773836
53053062801,3760443,47.2221563,-122.4973587
53053062802,3005552,47.194001,-122.4964605
53053062900,2981031,47.2003326,-122.4786274
53053063000,2204911,47.1971869,-122.4677762
53053063100,2341221,47.1974147,-122.45178
53053063200,2361069,47.1989933,-122.4321664
53053063300,3382433,47.1990056,-122.408661
53053063400,3860357,47.1809619,-122.4314571
53053063501,1915152,47.186447,-122.4512342
53053063502,1927547,47.175076,-122.4516633
53053070100,1896402624,46.9558662,-121.8164224
53053070203,35552914,47.1276265,-122.1904435
53053070204,5175169,47.1424677,-122.1276898
53053070205,19200296,47.1593963,-122.0886541
53053070206,38984521,47.1095713,-122.0921198
53053070207,32759304,47.1508943,-122.0115296
53053070307,27784532,47.2120409,-122.1281966
53053070308,3220652,47.1825061,-122.176961
53053070309,11565098,47.185835,-122.1480816
53053070310,5623195,47.1607635,-122.1650031
53053070311,4985129,47.1573307,-122.1379143
53053070312,8306608,47.1665442,-122.2056827
53053070313,13820612,47.2078839,-122.193698
53053070314,4181506,47.2247289,-122.1859129
53053070315,9755610,47.239506,-122.166015
53053070316,3495752,47.2464515,-122.2155896
53053070401,9393193,47.1679233,-122.2248326
53053070403,13951275,47.0801751,-122.2071325
53053070404,4987154,47.1116228,-122.2200468
53053070703,5697065,47.2489124,-122.3177058
53053071100,6512495,47.1750181,-122.3742621
53053071205,7823639,47.1871648,-122.3417554
53053071206,7884522,47.1661273,-122.323965
53053071207,4852563,47.1609895,-122.2813654
53053071208,3674991,47.1444308,-122.2782321
53053071209,2324686,47.1635255,-122.264972
53053071210,8636542,47.1707138,-122.2423902
53053071304,5346849,47.1369786,-122.310162
53053071305,9953801,47.1506822,-122.386232
53053071306,12236869,47.1240725,-122.3793226
53053071307,5202533,47.1493363,-122.3334484
53053071309,4133685,47.1150433,-122.3403114
53053071310,6498038,47.1290607,-122.3413479
53053071403,5109683,47.1086836,-122.4515591
53053071406,16445697,47.0733893,-122.3822005
53053071407,8440957,47.0618192,-122.3511337
53053071408,2923852,47.1098273,-122.4204449
53053071409,2125874,47.1007056,-122.4174613
53053071410,5863793,47.0857643,-122.4199421
53053071411,3379354,47.0718234,-122.4088552
53053071503,5647525,47.1333392,-122.4519069
53053071504,2651531,47.145689,-122.4452788
53053071505,4495145,47.1323769,-122.423571
53053071506,3933198,47.1216372,-122.4054263
53053071601,4032413,47.1797628,-122.4100405
53053071602,4693479,47.1599423,-122.4182984
53053071703,871093,47.1709835,-122.463994
53053071704,1352354,47.1638203,-122.4667716
53053071705,2389700,47.1641662,-122.4433982
53053071706,1610389,47.1564837,-122.4672129
53053071707,1269297,47.1547534,-122.4423064
53053071803,4608947,47.1847572,-122.5078991
53053071805,1349186,47.1599265,-122.5002916
53053071806,1681328,47.1444655,-122.5051427
53053071807,4143029,47.1696254,-122.4954777
53053071808,1956232,47.1783805,-122.4746903
53053071901,4157487,47.1580824,-122.5177253
53053071902,6217247,47.1530137,-122.5374064
53053072000,2633971,47.1229256,-122.5401796
53053072105,4668540,47.1871468,-122.553261
53053072106,3412556,47.1861705,-122.5339354
53053072107,4886679,47.1707661,-122.5576655
53053072108,3224709,47.1454232,-122.5576115
53053072109,3994640,47.1689736,-122.6122864
53053072111,1946904,47.1661679,-122.5908409
53053072112,2407939,47.1605593,-122.5773633
53053072305,4066566,47.2311155,-122.5158341
53053072307,1953748,47.2165495,-122.5529414
53053072308,7643686,47.2057027,-122.5747949
53053072309,3271577,47.23141,-122.564052
53053072310,2098990,47.2295839,-122.5435661
53053072311,2443694,47.2314065,-122.5306262
53053072312,2458910,47.2043152,-122.5203159
53053072313,2558620,47.2136116,-122.5174316
53053072405,12240353,47.2956448,-122.6750715
53053072406,16778319,47.3077678,-122.6229438
53053072407,5503657,47.2983847,-122.5634327
53053072408,15323282,47.2877797,-122.5899163
53053072409,5871769,47.2832879,-122.6150485
53053072410,13437711,47.2576862,-122.6465524
53053072503,16417163,47.3845845,-122.6607379
53053072504,15036914,47.3409048,-122.633045
53053072505,21680406,47.3769849,-122.5993723
53053072506,15316879,47.3689225,-122.548231
53053072507,4142049,47.3287892,-122.5856632
53053072601,44255164,47.3762038,-122.7506193
53053072602,43248107,47.3084173,-122.7610668
53053072603,90750064,47.2094984,-122.6842971
53053072800,17643569,47.1041405,-122.6651722
53053072901,18313382,47.1296327,-122.4909192
53053072903,26606437,47.1293195,-122.6014267
53053072905,5832553,47.0908898,-122.6066684
53053072906,227973149,47.0301896,-122.5501899
53053072907,16198911,47.1061131,-122.5398573
53053073001,64397293,46.969881,-122.4998788
53053073005,53777746,46.9733128,-122.3874177
53053073006,119198276,46.8987367,-122.4185317
53053073108,9900973,47.0940823,-122.3370529
53053073110,5672822,47.1336467,-122.2531473
53053073111,3722814,47.1222681,-122.2774266
53053073113,18494398,47.0719425,-122.2649319
53053073114,6903398,47.038046,-122.3764485
53053073115,6850710,47.0394147,-122.3483495
53053073116,16086256,47.0237808,-122.321944
53053073117,49431874,46.9682193,-122.3282624
53053073118,30926838,47.0450319,-122.2371097
53053073119,95934566,46.9720036,-122.2137899
53053073120,3303439,47.1162168,-122.300881
53053073121,2849846,47.1034973,-122.3054333
53053073122,5032200,47.1057867,-122.2741688
53053073123,9568242,47.0903198,-122.2431361
53053073124,3917609,47.0645059,-122.304125
53053073125,6257536,47.0793128,-122.316583
53053073126,1403617,47.0907184,-122.3014937
53053073200,547480393,46.8389981,-122.1303032
53053073301,14520022,47.2272148,-122.2362644
53053073302,2963830,47.1972462,-122.2371882
53053073404,6370782,47.1826415,-122.3069138
53053073405,2970132,47.1759933,-122.2763304
53053073406,4354388,47.1839926,-122.2645159
53053073407,2355472,47.1983845,-122.2976951
53053073408,2731588,47.1994555,-122.3202118
53053073500,16362916,47.2320641,-122.273831
53053940001,3030015,47.3053995,-122.4435979
53053940002,13422780,47.2491204,-122.3642206
53053940003,4064430,47.2287315,-122.3450761
53053940004,17903047,47.2050049,-122.3726612
53053940005,4256513,47.2792343,-122.3721884
53053940006,1825314,47.2153941,-122.4012241
53053940007,2496121,47.232117,-122.4011947
53053940008,3054129,47.2939996,-122.3954596
53053940009,7882131,47.2296197,-122.312812
53053940010,8838954,47.2059958,-122.301554
53053940011,3753215,47.301143,-122.4159977
53055960100,167384632,48.6419778,-122.890388
53055960300,143421567,48.5712636,-123.1134824
53055960400,15115433,48.5310919,-122.9881427
53055960500,124507042,48.5219398,-122.8719821
53055990100,0,48.693993,-123.267877
53057940200,3252714,48.4914593,-122.6764336
53057940300,48978493,48.4541014,-122.6039283
53057940400,11758010,48.4925951,-122.6505784
53057940500,1429493,48.4954058,-122.6166087
53057940600,2600685,48.4990914,-122.6038281
53057940700,1449913,48.5139077,-122.6243039
53057940800,30854608,48.4154021,-122.5363955
53057950100,59047565,48.5393004,-122.6359788
53057950800,190358722,48.5766605,-122.3897018
53057950900,161829012,48.5966129,-122.1712752
53057951000,368177924,48.5742015,-121.9747479
53057951100,2338804867,48.499449,-121.329368
53057951200,758886971,48.3838788,-121.9535401
53057951300,61386470,48.4587893,-122.1993304
53057951400,9837572,48.4943421,-122.2411983
53057951500,23175878,48.5208123,-122.2464752
53057951600,33611544,48.5108524,-122.3163599
53057951700,3151593,48.467183,-122.3221375
53057951800,10220612,48.4662776,-122.3422279
53057951900,58419612,48.470285,-122.4291068
53057952100,84893411,48.4045311,-122.4384327
53057952200,7064546,48.43986,-122.3421913
53057952301,2586647,48.4355432,-122.3025813
53057952302,13697061,48.448413,-122.2834395
53057952401,1812826,48.413217,-122.3266506
53057952402,11750943,48.4070911,-122.2832995
53057952500,1809496,48.4170171,-122.3390553
53057952600,16953690,48.4045055,-122.3413895
53057952700,163239123,48.3413721,-122.3039518
53057990100,0,48.41533,-122.626353
53059950100,3570786865,46.083448,-121.9117513
53059950200,333978496,45.6637871,-122.0847591
53059950300,77927329,45.730763,-121.9349536
53059950400,219509031,45.7498344,-121.6856841
53059950500,92673945,45.7851341,-121.8925277
53061040100,4798188,48.00415,-122.2197294
53061040200,2565819,48.0027689,-122.1870338
53061040300,1049264,47.9941342,-122.2000385
53061040400,1703150,47.9855126,-122.2166169
53061040500,1802593,47.9849396,-122.1815113
53061040700,2806752,47.9731875,-122.1971281
53061040800,1439692,47.9780755,-122.2204
53061040900,3310640,47.9601341,-122.23608
53061041000,3071966,47.9601839,-122.2135268
53061041100,2719583,47.9446678,-122.2205239
53061041201,1485818,47.9447703,-122.235622
53061041202,2650628,47.9282413,-122.2252643
53061041301,4535241,47.9421471,-122.3007548
53061041303,3800669,47.940822,-122.2465469
53061041304,10270655,47.9448887,-122.2664436
53061041400,3323591,47.9417409,-122.2038365
53061041500,5425482,47.9358943,-122.1869829
53061041601,4672493,47.9162062,-122.1932792
53061041605,2462209,47.9011869,-122.1957841
53061041606,2525924,47.8857346,-122.1969528
53061041607,2915655,47.8983789,-122.1734933
53061041608,3769233,47.8860202,-122.1686508
53061041701,2963221,47.8899399,-122.2149774
53061041703,3698002,47.8599737,-122.2400339
53061041704,4037891,47.8673814,-122.225181
53061041805,3323438,47.9140187,-122.2227026
53061041806,2844374,47.9016434,-122.2302099
53061041808,1690138,47.8907825,-122.2308971
53061041809,1079258,47.8917497,-122.2455166
53061041810,893332,47.8860716,-122.2490656
53061041811,3281569,47.870649,-122.251008
53061041812,1869425,47.8750641,-122.2668834
53061041901,8847183,47.901657,-122.2789279
53061041903,3410937,47.9153115,-122.2579258
53061041904,1429898,47.916772,-122.2388771
53061041905,2227002,47.9014135,-122.2571911
53061042001,4853553,47.9114849,-122.3146889
53061042003,2759151,47.867766,-122.3238457
53061042004,2382614,47.867725,-122.281908
53061042005,6369517,47.8829314,-122.3143611
53061042006,2671334,47.8941034,-122.2989299
53061050101,2562350,47.8604522,-122.3232734
53061050102,1805959,47.8581251,-122.295589
53061050200,4530554,47.8448572,-122.3376212
53061050300,3731257,47.8281986,-122.3577383
53061050401,3336957,47.814751,-122.3495445
53061050402,2845354,47.8043944,-122.3499284
53061050500,3412534,47.8066452,-122.3782361
53061050600,3209644,47.7881057,-122.3881006
53061050700,3083785,47.784647,-122.3650599
53061050800,3193203,47.793236,-122.3490897
53061050900,1497358,47.7859889,-122.337135
53061051000,3339061,47.7926729,-122.3232196
53061051100,2057575,47.7839904,-122.3071252
53061051200,2100184,47.7978124,-122.3058174
53061051300,2952903,47.7923565,-122.2912707
53061051400,4004066,47.8129269,-122.3065992
53061051500,3278705,47.8207652,-122.326415
53061051601,2449362,47.8448185,-122.3092833
53061051602,2051437,47.834005,-122.3155946
53061051701,2491487,47.8299717,-122.2999364
53061051702,2167086,47.8312065,-122.2863838
53061051802,5005391,47.839613,-122.2735752
53061051803,1597958,47.8562368,-122.2815196
53061051804,2355488,47.8572221,-122.2638368
53061051905,5282377,47.816056,-122.2709173
53061051912,13271235,47.7848446,-122.106315
53061051913,3956516,47.7999624,-122.2682556
53061051914,3426956,47.7843486,-122.2726505
53061051915,4144039,47.8060371,-122.2466565
53061051916,2788070,47.7997544,-122.2291906
53061051917,2932937,47.7840394,-122.245169
53061051918,4477555,47.7834467,-122.2143909
53061051921,2453188,47.8208453,-122.2204838
53061051922,3810086,47.8110567,-122.2248515
53061051923,3721344,47.832753,-122.2090344
53061051924,2656034,47.818915,-122.1962239
53061051925,8016246,47.7949725,-122.1910588
53061051926,8484900,47.7937223,-122.1619673
53061051927,4607422,47.835437,-122.2381895
53061051928,2302032,47.8434058,-122.2480891
53061052003,5867889,47.8522285,-122.1797468
53061052004,3315254,47.868695,-122.2071675
53061052005,3589011,47.8578811,-122.2038678
53061052006,1932455,47.8494718,-122.1963226
53061052007,2194442,47.8395035,-122.1993428
53061052104,43467010,47.98669,-122.1669598
53061052105,51596794,47.8770787,-122.096128
53061052107,12464831,47.8242011,-122.1557842
53061052108,23399762,47.8312189,-122.1027589
53061052112,14720116,47.8015535,-122.0715982
53061052113,22147655,47.7926846,-122.0212172
53061052114,6496834,47.8506351,-122.154897
53061052115,3057905,47.8698312,-122.1561865
53061052118,11235889,47.8662947,-122.1319588
53061052203,16233712,47.8782186,-121.9800353
53061052204,9795022,47.8667668,-122.0183865
53061052206,51545059,47.927243,-121.938058
53061052207,66958070,47.9021504,-121.8778153
53061052208,2078470,47.8564399,-121.9845322
53061052209,8504201,47.8308517,-122.0132972
53061052301,39269979,47.9615588,-122.0179744
53061052302,34210958,47.9119988,-122.0322076
53061052401,3869489,47.9255961,-122.0955436
53061052402,2430117,47.9150606,-122.0895205
53061052502,14113259,47.9347064,-122.1187816
53061052503,4996698,47.9864984,-122.1160226
53061052504,7882416,47.9658347,-122.1113084
53061052603,7551803,48.031816,-122.0850872
53061052604,3678287,47.9987277,-122.0936955
53061052605,4726711,48.0191053,-122.0667747
53061052606,13063666,48.0040674,-122.0488494
53061052607,10156198,47.9688262,-122.0745008
53061052701,20451248,48.1245256,-122.1185986
53061052705,15538879,48.0523429,-122.1025251
53061052706,4984608,48.0086872,-122.1211573
53061052707,5286793,48.0261678,-122.1149932
53061052708,3161373,48.0626285,-122.1301068
53061052709,20141505,48.0899357,-122.0985926
53061052803,14113206,48.133519,-122.1638021
53061052804,6935558,48.104593,-122.1599773
53061052805,4252728,48.0861093,-122.1740004
53061052806,3167841,48.0834178,-122.1511314
53061052903,2964291,48.0531551,-122.1722506
53061052904,3492091,48.0510765,-122.149677
53061052905,2046974,48.0675269,-122.173214
53061052906,2418973,48.069198,-122.1536756
53061053101,27408317,48.1730236,-122.2333219
53061053102,24462313,48.1393066,-122.2368928
53061053201,46701566,48.1952183,-122.3171137
53061053202,22207590,48.1425085,-122.3422759
53061053301,24672581,48.2560314,-122.3660164
53061053302,89008258,48.2589939,-122.2781367
53061053400,129785807,48.2773381,-122.146733
53061053504,11961450,48.1809994,-122.1077218
53061053505,49997979,48.1097631,-122.0402996
53061053506,257826188,48.2011528,-121.9823827
53061053507,4770168,48.1643568,-122.1298558
53061053508,14992555,48.1874424,-122.1660905
53061053509,8433366,48.1633404,-122.1616238
53061053602,533603852,48.0123109,-121.6782609
53061053603,41050392,48.0468122,-122.0181379
53061053604,16006808,48.080511,-122.0070399
53061053700,1686845565,48.2371094,-121.4416703
53061053801,1135991067,47.8728737,-121.4464055
53061053802,22508385,47.8752777,-121.832625
53061053803,271341861,47.8955608,-121.6492101
53061940001,50867868,48.0752244,-122.2219406
53061940002,39006158,48.0961405,-122.3026053
53061990002,0,48.0002035,-122.335387
53061990100,0,48.2831458,-122.4110634
53063000200,1881297,47.707707,-117.37095
53063000300,1970737,47.7078414,-117.3870149
53063000400,1923224,47.7078715,-117.4032297
53063000500,1743250,47.7078639,-117.4185054
53063000600,1299934,47.708114,-117.4311015
53063000700,2154894,47.7080925,-117.4451911
53063000800,3571112,47.7204678,-117.4614956
53063000900,4291691,47.7077852,-117.4717467
53063001000,3787215,47.6968414,-117.4739935
53063001100,2302538,47.6929996,-117.4451548
53063001200,1000481,47.6950548,-117.4311576
53063001300,1577450,47.6942591,-117.4183329
53063001400,2617450,47.6909025,-117.4033144
53063001500,2290102,47.6920183,-117.3876644
53063001600,2102595,47.6923205,-117.3712197
53063001800,1601186,47.6791825,-117.3847468
53063001900,1684239,47.6814745,-117.4191814
53063002000,1782234,47.6784159,-117.4317133
53063002100,1221239,47.6785885,-117.4420301
53063002300,2519306,47.6668625,-117.4498224
53063002400,2092898,47.6667098,-117.4230915
53063002500,3145964,47.6725685,-117.4004452
53063002600,1996579,47.6726613,-117.3759376
53063002900,1605294,47.6468258,-117.3541696
53063003000,1420750,47.6505909,-117.3720403
53063003100,2265051,47.6458408,-117.3918401
53063003200,1241811,47.6492994,-117.4146338
53063003500,1628093,47.6575712,-117.4215755
53063003600,4415155,47.6738581,-117.4684527
53063003800,3315780,47.648141,-117.4650779
53063003900,9007770,47.6180431,-117.4222261
53063004000,1551987,47.6458608,-117.4330688
53063004100,1113242,47.6429357,-117.4141235
53063004200,2651374,47.6340716,-117.4184943
53063004300,2305355,47.6229539,-117.413991
53063004400,2038233,47.6210565,-117.3932263
53063004500,2602605,47.6334928,-117.3914198
53063004601,2476031,47.6377312,-117.3709394
53063004602,1643406,47.6342734,-117.3550355
53063004700,3227938,47.6224621,-117.3689136
53063004800,2690659,47.6131105,-117.3562995
53063004900,3973958,47.6062713,-117.3829076
53063005000,10663419,47.5885705,-117.3692775
53063010100,394903919,47.8719046,-117.1122123
53063010201,208440011,47.9501496,-117.2524547
53063010202,184141919,47.8132473,-117.2543268
53063010301,21670514,47.9535286,-117.4678188
53063010303,107132013,47.8828945,-117.4856049
53063010304,186169687,47.995126,-117.4255694
53063010305,64066787,47.8729026,-117.3798351
53063010401,28168917,47.6405937,-117.590724
53063010402,445017736,47.731321,-117.7000917
53063010501,9292933,47.7668478,-117.4170598
53063010503,74106747,47.7855761,-117.4522506
53063010504,9351743,47.8052035,-117.3630427
53063010601,7503588,47.731484,-117.5056498
53063010602,8205943,47.7431921,-117.4892582
53063010700,12169639,47.7412908,-117.4521233
53063010800,1239572,47.7500587,-117.4083743
53063010900,4898936,47.7407719,-117.4218463
53063011000,1960795,47.7209866,-117.423784
53063011101,1917190,47.7222803,-117.4033288
53063011102,2391020,47.7387511,-117.4024276
53063011201,15014579,47.7396162,-117.3775169
53063011202,33157387,47.7409941,-117.3331075
53063011300,18608936,47.7023266,-117.2903039
53063011400,23604498,47.6963573,-117.2102305
53063011500,1075570,47.6868207,-117.2980923
53063011600,1802338,47.6855656,-117.2800786
53063011701,2658665,47.6770916,-117.2834586
53063011702,7197012,47.6811821,-117.2314141
53063011800,2850515,47.6652864,-117.2296372
53063011900,3080709,47.6656051,-117.2506167
53063012000,3171449,47.665847,-117.2719116
53063012100,2536469,47.6641808,-117.2926967
53063012200,10273307,47.6738991,-117.3149784
53063012300,6122883,47.6479837,-117.3223358
53063012401,15354006,47.6272234,-117.2775854
53063012402,31514470,47.5986767,-117.2175267
53063012500,2031118,47.6503225,-117.269864
53063012600,2625437,47.649751,-117.2506235
53063012701,2655324,47.6497342,-117.2289938
53063012702,1437343,47.6369857,-117.2252642
53063012801,2506738,47.6341175,-117.2396481
53063012802,2233683,47.6356725,-117.2599472
53063012901,2764373,47.6645732,-117.208769
53063012902,5261971,47.6424471,-117.207381
53063013000,10806549,47.6484891,-117.1817075
53063013100,24050656,47.6528447,-117.1432323
53063013201,27266404,47.7047884,-117.09595
53063013202,57436553,47.6573459,-117.0576509
53063013300,203989614,47.5544625,-117.1765286
53063013401,20089419,47.6128566,-117.3242842
53063013500,150405222,47.5471883,-117.4225846
53063013600,31899590,47.605426,-117.48358
53063013700,70974219,47.6607719,-117.525426
53063013800,17156205,47.6186241,-117.6484594
53063013900,39214695,47.5438131,-117.6671605
53063014001,2800029,47.4920039,-117.5772682
53063014002,26177418,47.5020219,-117.6043049
53063014100,280723120,47.5108486,-117.6587045
53063014200,645175264,47.3660074,-117.6307756
53063014300,861407590,47.3762315,-117.2491312
53063014400,6326112,47.6933186,-117.3521333
53063014500,7876144,47.6604055,-117.3718551
53065941000,615308276,47.9290997,-118.0481283
53065950100,1741157799,48.8298484,-117.8756194
53065950200,532634217,48.5678949,-117.9033588
53065950300,5185724,48.5523815,-117.9047244
53065950500,7085538,48.5362536,-117.8899907
53065950600,734350192,48.5624045,-117.6800061
53065950700,15454126,48.2817109,-117.726678
53065950800,751541158,48.3273024,-117.7256221
53065950900,678568201,48.1838483,-118.1229472
53065951100,611273495,48.1013646,-117.854351
53065951300,474344612,48.0834244,-117.592759
53065951400,249509776,47.9035596,-117.7090428
53067010100,3189156,47.0452755,-122.9023537
53067010200,5796265,47.0610404,-122.8812859
53067010300,3970064,47.0447883,-122.8734533
53067010400,4094007,47.0242771,-122.884302
53067010510,2686574,47.0417218,-122.9441939
53067010520,3715505,47.0375908,-122.9174763
53067010600,4144602,47.055216,-122.9244932
53067010700,5263917,47.0287483,-122.8607989
53067010800,16567478,46.9871304,-122.9051948
53067010910,6288881,47.015084,-122.9280708
53067010920,9243128,46.9974794,-122.9373651
53067011000,27941001,46.9919447,-122.9719254
53067011100,6724026,47.0670235,-122.9364004
53067011200,6775248,47.0465602,-122.8161738
53067011300,3329502,47.0249695,-122.8350725
53067011410,2648011,47.0298796,-122.8092591
53067011420,5632102,47.0107166,-122.7992015
53067011500,4455290,47.0528069,-122.7795308
53067011610,8001789,47.0319498,-122.779746
53067011621,4525264,46.9976109,-122.8323195
53067011622,2166820,46.9987725,-122.7991135
53067011623,3031367,46.9922592,-122.8142443
53067011624,10230589,46.9957959,-122.7683928
53067011710,9053405,47.0021097,-122.8571915
53067011720,20111686,46.9688575,-122.8534087
53067011810,190053394,46.9626129,-123.0848245
53067011821,33576698,46.9299079,-122.9227614
53067011822,35970034,46.9372189,-122.9755025
53067011900,136182324,47.079576,-123.0652531
53067012000,23576506,47.0881511,-122.9593951
53067012100,29113593,47.1355247,-122.8749908
53067012211,18575404,47.0952124,-122.8470406
53067012212,10039189,47.0583747,-122.8352518
53067012221,34810524,47.1137683,-122.8064783
53067012222,27008021,47.0936638,-122.7456499
53067012310,13239660,47.0276194,-122.7511266
53067012320,30184084,47.0275683,-122.6839154
53067012330,3170179,47.0571358,-122.7532426
53067012411,24745613,46.9486293,-122.6246197
53067012412,21880842,46.9294904,-122.5974483
53067012420,87313221,46.9564727,-122.7168816
53067012510,140374418,46.8041458,-122.4064625
53067012520,252983114,46.8293643,-122.6069969
53067012530,67901935,46.8922147,-122.7219396
53067012610,128453805,46.8839764,-122.868397
53067012620,153890505,46.815339,-122.820482
53067012710,41481316,46.7969,-122.9554388
53067012720,77369168,46.7868664,-123.0756319
53067012730,109694201,46.8584634,-123.0587925
53067990100,0,47.1437692,-122.7753216
53069950100,680956787,46.2946377,-123.4244583
53071920000,1636172139,46.3553354,-118.5793363
53071920100,1471743167,46.142704,-118.3602231
53071920200,70555766,46.0538512,-118.4510923
53071920300,5538172,46.0466223,-118.380517
53071920400,2274355,46.0795912,-118.3682729
53071920500,3821794,46.0733235,-118.3478889
53071920600,6708934,46.0530506,-118.3519685
53071920701,1853529,46.0597176,-118.3304478
53071920702,3552967,46.0552036,-118.3205873
53071920801,3682564,46.0779292,-118.3053858
53071920802,1304521,46.0723779,-118.3259399
53071920900,82158811,46.0305355,-118.2957695
53073000100,86768369,48.790463,-122.3711113
53073000200,42896772,48.8030157,-122.5399579
53073000300,6433287,48.7752634,-122.5116783
53073000400,4625370,48.7675617,-122.4877903
53073000501,2541846,48.7563887,-122.4683045
53073000502,1247203,48.7557197,-122.4860422
53073000600,1063020,48.7478908,-122.4859588
53073000700,3158808,48.7640123,-122.4498919
53073000803,4588567,48.7720864,-122.4334809
53073000804,11084736,48.7647821,-122.3945096
53073000805,26710993,48.7260983,-122.3888087
53073000806,94959494,48.692166,-122.2652852
53073000901,5284314,48.7451848,-122.448307
53073000902,16469939,48.7154214,-122.4481098
53073001000,2481593,48.7369217,-122.4797992
53073001100,5680573,48.7150195,-122.5187975
53073001201,2468898,48.7219184,-122.4831149
53073001202,57536211,48.659891,-122.4547135
53073010100,4235114991,48.8498915,-121.4903838
53073010200,181264518,48.9380129,-122.3043786
53073010301,93083391,48.9573785,-122.521294
53073010302,4259559,48.9499648,-122.4548298
53073010303,22853406,48.9715778,-122.4351806
53073010401,79511415,48.9733777,-122.6635021
53073010403,21282619,48.9617739,-122.8079639
53073010404,59630877,48.9021484,-122.7644472
53073010501,82477166,48.8889116,-122.7854839
53073010502,19535823,48.8735468,-122.5865439
53073010600,49658615,48.8653072,-122.524321
53073010701,85520180,48.8825488,-122.4248438
53073010702,58516017,48.8421113,-122.3180305
53073010900,23970352,48.6934263,-122.6794705
53073011000,12652236,48.9807878,-123.0297037
53073940000,54064329,48.7673616,-122.6378452
53075000100,1461458,46.7328087,-117.1686493
53075000200,109088793,46.7933661,-117.224018
53075000300,161946290,46.7020238,-117.2670006
53075000400,136780265,46.6768995,-117.1132027
53075000500,1473238,46.7257144,-117.153763
53075000600,84051082,46.7708687,-117.0997509
53075000700,903082496,47.0072625,-117.2167066
53075000800,354820459,46.8834765,-117.4275412
53075000900,2053937326,47.0967471,-117.6236389
53075001000,1785787241,46.7282243,-117.8212524
53077000100,2942749,46.5989316,-120.5056287
53077000200,3561043,46.6149359,-120.5021571
53077000300,4897954,46.617046,-120.542333
53077000400,10587443,46.6100006,-120.5908294
53077000500,2487751,46.6048935,-120.5440076
53077000600,1530446,46.6074848,-120.5226786
53077000700,2930011,46.5920019,-120.5185173
53077000800,2582077,46.5962765,-120.5513573
53077000901,5874538,46.5932649,-120.5964548
53077000902,4927628,46.5787194,-120.5926103
53077001000,2600922,46.5890308,-120.5513369
53077001100,12724910,46.5683776,-120.5514838
53077001201,1272259,46.5780583,-120.525125
53077001202,2787808,46.5775805,-120.5085831
53077001300,8043268,46.557823,-120.5048266
53077001400,5539742,46.5616817,-120.4803555
53077001501,2999145,46.593852,-120.488121
53077001502,1685600,46.5824636,-120.4848233
53077001601,76994243,46.6226881,-120.4080484
53077001602,20526863,46.6027395,-120.4491926
53077001701,1025408277,46.6093682,-120.1274309
53077001702,82608046,46.53659,-120.4172043
53077001800,245307181,46.3388353,-119.9317361
53077001901,5263090,46.2601256,-119.8947164
53077001902,4826842,46.250188,-119.9187112
53077002001,8650282,46.3290342,-120.0075239
53077002002,9358552,46.312899,-120.0127498
53077002101,192847625,46.4209503,-120.0338234
53077002102,108804193,46.3235766,-120.1038699
53077002200,207537566,46.445785,-120.2378122
53077002701,389371702,46.1086309,-120.0118742
53077002801,91989185,46.5654587,-120.7188447
53077002802,30068400,46.5712707,-120.6266001
53077002900,212569662,46.6755388,-120.8069602
53077003001,3020836532,46.7468157,-121.0980508
53077003002,28880949,46.710693,-120.6721655
53077003100,66031075,46.704844,-120.5844384
53077003200,10870907,46.6467921,-120.5410036
53077003400,27131803,46.6548127,-120.5700319
53077940001,304900099,46.4153295,-120.5523001
53077940002,232733153,46.3643375,-120.3859959
53077940003,4621258343,46.2591386,-120.8493249
53077940004,8368159,46.4459053,-120.4198037
53077940005,5135224,46.3731394,-120.3161842
53077940006,4504123,46.3841309,-120.3070574
